المنطقة,شريحة_المنطقة,نوع_الطابق,المساحة_م2,السعر_دينار,سعر_المتر,التقييم,مرجع_وسيط_المتر,مرجع_Q1,مرجع_Q3,السعر_العادل_المقدّر,هدف_تفاوضي_-8%,فرق_عن_العادل_%,المصدر,العنوان,الرابط
عبدون,فاخرة,أرضي,150,77000,513,🟢 صفقة,1186,1100,1352,177900,163668,-57,السوق المفتوح,شقة أرضية مفروشة فاخرة للبيع في عبدون الشمالي قرب السفارة اليابانية 150م تشطيب سوبر ديلوكس بسعر مغري,
عبدون,فاخرة,أرضي,200,130000,650,🟢 صفقة,1186,1100,1352,237200,218224,-45,السوق المفتوح,شقة أرضية مفروشة فاخرة للبيع في عبدون  - قرب السفارة البريطانية 200م تشطيب سوبر ديلوكس بسعر مغري,
عبدون,فاخرة,أرضي,230,180000,783,🟢 صفقة,1186,1100,1352,272780,250958,-34,السوق المفتوح,شقة أرضية جديدة للبيع عبدون مساحات 230م مع تراسات و حدائق تشطيبات ديكورات سوبر ديلوكس بأسعار مميزة,
عبدون,فاخرة,أرضي,288,230000,799,🟢 صفقة,1186,1100,1352,341568,314243,-33,قوشان,شقة أرضية 288م بموقع مميز في عبدون,https://qoshan.com/property/%d8%b4%d9%82%d8%a9-%d8%a3%d8%b1%d8%b6%d9%8a%d8%a9-288%d9%85-%d8%a8%d9%85%d9%88%d9%82%d8%b9-%d9%85%d9%85%d9%8a%d8%b2-%d9%81%d9%8a-%d8%b9%d8%a8%d8%af%d9%88%d9%86/
عبدون,فاخرة,أرضي,198,160000,808,🟢 صفقة,1186,1100,1352,234828,216042,-32,قوشان,شقة أرضية مع حديقة في عبدون,https://qoshan.com/property/%d8%b4%d9%82%d8%a9-%d8%a3%d8%b1%d8%b6%d9%8a%d8%a9-%d9%85%d8%b9-%d8%ad%d8%af%d9%8a%d9%82%d8%a9-%d9%81%d9%8a-%d8%b9%d8%a8%d8%af%d9%88%d9%86/
عبدون,فاخرة,أرضي,320,290000,906,🟢 صفقة,1186,1100,1352,379520,349158,-24,قوشان,أرضية طابقية مع حديقة كبيرة في عبدون,https://qoshan.com/property/%d8%a3%d8%b1%d8%b6%d9%8a%d8%a9-%d8%b7%d8%a7%d8%a8%d9%82%d9%8a%d8%a9-%d9%85%d8%b9-%d8%ad%d8%af%d9%8a%d9%82%d8%a9-%d9%83%d8%a8%d9%8a%d8%b1%d8%a9-%d9%81%d9%8a-%d8%b9%d8%a8%d8%af%d9%88%d9%86/
عبدون,فاخرة,أرضي,352,355000,1009,🟢 صفقة,1186,1100,1352,417472,384074,-15,السوق المفتوح,عقار يستحق المشاهده شقة دوبلكس (أرضيه) 352م مع حديقة 400م بسعر مميز في عبدون/ ref 9572,
عبدون,فاخرة,أرضي,306,310000,1013,🟢 صفقة,1186,1100,1352,362916,333883,-15,السوق المفتوح,شقة أرضية مميزه 306م في أجمل مناطق عبدون / ref 1032,
عبدون,فاخرة,أرضي,100,110000,1100,✅ عادل-أدنى,1186,1100,1352,118600,109112,-7,قوشان,شقة أرضية 100 متر مفروشة في عبدون,https://qoshan.com/property/%d8%b4%d9%82%d8%a9-%d8%a3%d8%b1%d8%b6%d9%8a%d8%a9-100-%d9%85%d8%aa%d8%b1-%d9%85%d9%81%d8%b1%d9%88%d8%b4%d8%a9-%d9%81%d9%8a-%d8%b9%d8%a8%d8%af%d9%88%d9%86/
عبدون,فاخرة,أرضي,210,231000,1100,✅ عادل-أدنى,1186,1100,1352,249060,229135,-7,السوق المفتوح,في موقع راقي ومميز شقة أرضية 210م بمواصفات عالية وراقية جدا في أرقى مناطق عبدون / ref 9755,
عبدون,فاخرة,أرضي,400,440000,1100,✅ عادل-أدنى,1186,1100,1352,474400,436448,-7,السوق المفتوح,بالقرب من السفارة الامريكيه شقة أرضية 400م بتشطيبات راقية في أجمل مناطق عبدون /ref 1164,
عبدون,فاخرة,أرضي,310,345000,1113,✅ عادل-أدنى,1186,1100,1352,367660,338247,-6,قوشان,شقة أرضية 310م مع مدخل و كراج مستقل في عبدون,https://qoshan.com/property/%d8%b4%d9%82%d8%a9-%d8%a3%d8%b1%d8%b6%d9%8a%d8%a9-310%d9%85-%d9%85%d8%b9-%d9%85%d8%af%d8%ae%d9%84-%d9%88-%d9%83%d8%b1%d8%a7%d8%ac-%d9%85%d8%b3%d8%aa%d9%82%d9%84-%d9%81%d9%8a-%d8%b9%d8%a8%d8%af%d9%88/
عبدون,فاخرة,أرضي,146,165000,1130,✅ عادل-أدنى,1186,1100,1352,173156,159304,-5,قوشان,شقة أرضية استثمارية بموقع ممتاز في عبدون,https://qoshan.com/property/%d8%b4%d9%82%d8%a9-%d8%a3%d8%b1%d8%b6%d9%8a%d8%a9-%d8%a7%d8%b3%d8%aa%d8%ab%d9%85%d8%a7%d8%b1%d9%8a%d8%a9-%d8%a8%d9%85%d9%88%d9%82%d8%b9-%d9%85%d9%85%d8%aa%d8%a7%d8%b2-%d9%81%d9%8a-%d8%b9%d8%a8%d8%af/
عبدون,فاخرة,أرضي,395,450000,1139,✅ عادل-أدنى,1186,1100,1352,468470,430992,-4,قوشان,شقة أرضية دوبلكس مع حديقة كبيرة في عبدون,https://qoshan.com/property/%d8%b4%d9%82%d8%a9-%d8%a3%d8%b1%d8%b6%d9%8a%d8%a9-%d8%af%d9%88%d8%a8%d9%84%d9%83%d8%b3-%d9%85%d8%b9-%d8%ad%d8%af%d9%8a%d9%82%d8%a9-%d9%83%d8%a8%d9%8a%d8%b1%d8%a9-%d9%81%d9%8a-%d8%b9%d8%a8%d8%af%d9%88/
عبدون,فاخرة,أرضي,156,179000,1147,✅ عادل-أدنى,1186,1100,1352,185016,170215,-3,قوشان,شقة أرضية مميزة مع حديقة في عبدون,https://qoshan.com/property/%d8%b4%d9%82%d8%a9-%d8%a3%d8%b1%d8%b6%d9%8a%d8%a9-%d9%85%d9%85%d9%8a%d8%b2%d8%a9-%d9%85%d8%b9-%d8%ad%d8%af%d9%8a%d9%82%d8%a9-%d9%81%d9%8a-%d8%b9%d8%a8%d8%af%d9%88%d9%86/
عبدون,فاخرة,أرضي,240,280000,1167,✅ عادل-أدنى,1186,1100,1352,284640,261869,-2,السوق المفتوح,في عبدون خلف السفارة البريطانية شقة أرضية 240م بسعر مميز / ref 1185,
عبدون,فاخرة,أرضي,295,350000,1186,✅ عادل-أدنى,1186,1100,1352,349870,321880,0,قوشان,شقة أرضية 295م مع حديقة كبيرة في عبدون,https://qoshan.com/property/%d8%b4%d9%82%d8%a9-%d8%a3%d8%b1%d8%b6%d9%8a%d8%a9-295%d9%85-%d9%85%d8%b9-%d8%ad%d8%af%d9%8a%d9%82%d8%a9-%d9%83%d8%a8%d9%8a%d8%b1%d8%a9-%d9%81%d9%8a-%d8%b9%d8%a8%d8%af%d9%88%d9%86/
عبدون,فاخرة,أرضي,400,480000,1200,🟡 عادل-أعلى,1186,1100,1352,474400,436448,1,قوشان,شقة أرضية دوبلكس مع 300 متر ترسات وحدائق في عبدون,https://qoshan.com/property/%d8%b4%d9%82%d8%a9-%d8%a3%d8%b1%d8%b6%d9%8a%d8%a9-%d8%af%d9%88%d8%a8%d9%84%d9%83%d8%b3-%d9%85%d8%b9-300-%d9%85%d8%aa%d8%b1-%d8%aa%d8%b1%d8%b3%d8%a7%d8%aa-%d9%88%d8%ad%d8%af%d8%a7%d8%a6%d9%82-%d9%81/
عبدون,فاخرة,أرضي,560,675000,1205,🟡 عادل-أعلى,1186,1100,1352,664160,611027,2,قوشان,شقق أرضية مع حديقة وبركة سباحة في عبدون,https://qoshan.com/property/%d8%b4%d9%82%d9%82-%d8%a3%d8%b1%d8%b6%d9%8a%d8%a9-%d9%85%d8%b9-%d8%ad%d8%af%d9%8a%d9%82%d8%a9-%d9%88%d8%a8%d8%b1%d9%83%d8%a9-%d8%b3%d8%a8%d8%a7%d8%ad%d8%a9-%d9%81%d9%8a-%d8%b9%d8%a8%d8%af%d9%88%d9%86/
عبدون,فاخرة,أرضي,310,375000,1210,🟡 عادل-أعلى,1186,1100,1352,367660,338247,2,قوشان,شقة أرضية دوبلكس في أرقى مناطق عبدون,https://qoshan.com/property/%d8%b4%d9%82%d8%a9-%d8%a3%d8%b1%d8%b6%d9%8a%d8%a9-%d8%af%d9%88%d8%a8%d9%84%d9%83%d8%b3-%d9%81%d9%8a-%d8%a3%d8%b1%d9%82%d9%89-%d9%85%d9%86%d8%a7%d8%b7%d9%82-%d8%b9%d8%a8%d8%af%d9%88%d9%86/
عبدون,فاخرة,أرضي,320,390000,1219,🟡 عادل-أعلى,1186,1100,1352,379520,349158,3,قوشان,شقة أرضية على مستوى الشارع 320م مع حديقة 250م,https://qoshan.com/property/%d8%b4%d9%82%d8%a9-%d8%a3%d8%b1%d8%b6%d9%8a%d8%a9-%d8%b9%d9%84%d9%89-%d9%85%d8%b3%d8%aa%d9%88%d9%89-%d8%a7%d9%84%d8%b4%d8%a7%d8%b1%d8%b9-320%d9%85-%d9%85%d8%b9-%d8%ad%d8%af%d9%8a%d9%82%d8%a9-250%d9%85/
عبدون,فاخرة,أرضي,450,550000,1222,🟡 عادل-أعلى,1186,1100,1352,533700,491004,3,قوشان,شقة طابقية أرضية 450متر مع حديقة كبيرة في عبدون,https://qoshan.com/property/%d8%b4%d9%82%d8%a9-%d8%a3%d8%b1%d8%b6%d9%8a%d8%a9-450-%d9%85%d8%aa%d8%b1-%d8%a8%d8%aa%d8%b4%d8%b7%d9%8a%d8%a8%d8%a7%d8%aa-%d9%85%d9%85%d9%8a%d8%b2%d8%a9-%d9%81%d9%8a-%d8%b9%d8%a8%d8%af%d9%88%d9%86/
عبدون,فاخرة,أرضي,260,330000,1269,🟡 عادل-أعلى,1186,1100,1352,308360,283691,7,السوق المفتوح,شقة أرضية مميزة للبيع في عبدون الشمالي  - قرب السفارة الهولندية 260م حديقة وترسات 150م,
عبدون,فاخرة,أرضي,255,340000,1333,🟡 عادل-أعلى,1186,1100,1352,302430,278236,12,قوشان,شقة أرضية 3 غرف نوم بأجمل مناطق عبدون,https://qoshan.com/property/%d8%b4%d9%82%d8%a9-%d8%a3%d8%b1%d8%b6%d9%8a%d8%a9-3-%d8%ba%d8%b1%d9%81-%d9%86%d9%88%d9%85-%d8%a8%d8%a3%d8%ac%d9%85%d9%84-%d9%85%d9%86%d8%a7%d8%b7%d9%82-%d8%b9%d8%a8%d8%af%d9%88%d9%86/
عبدون,فاخرة,أرضي,403,545000,1352,🟡 عادل-أعلى,1186,1100,1352,477958,439721,14,قوشان,شقة أرضية دوبلكس في أجمل مواقع عبدون,https://qoshan.com/property/%d8%b4%d9%82%d8%a9-%d8%a3%d8%b1%d8%b6%d9%8a%d8%a9-%d8%af%d9%88%d8%a8%d9%84%d9%83%d8%b3-%d9%81%d9%8a-%d8%a3%d8%ac%d9%85%d9%84-%d9%85%d9%88%d8%a7%d9%82%d8%b9-%d8%b9%d8%a8%d8%af%d9%88%d9%86/
عبدون,فاخرة,أرضي,262,360000,1374,🔴 مرتفع,1186,1100,1352,310732,285873,16,قوشان,شقة أرضية 3 نوم ماستر في أفضل مواقع عبدون,https://qoshan.com/property/%d8%b4%d9%82%d8%a9-%d8%a3%d8%b1%d8%b6%d9%8a%d8%a9-3-%d9%86%d9%88%d9%85-%d9%85%d8%a7%d8%b3%d8%aa%d8%b1-%d9%81%d9%8a-%d8%a3%d9%81%d8%b6%d9%84-%d9%85%d9%88%d8%a7%d9%82%d8%b9-%d8%b9%d8%a8%d8%af%d9%88/
عبدون,فاخرة,أرضي,210,290000,1381,🔴 مرتفع,1186,1100,1352,249060,229135,16,السوق المفتوح,بالقرب من السفارة السعودية شقةأرضية 210م في عبدون بسعر مغري / ref 1059,
عبدون,فاخرة,أرضي,280,400000,1429,🔴 مرتفع,1186,1100,1352,332080,305514,20,السوق المفتوح,بالقرب من السفارة البريطانية شقة أرضية مفروشة جزئي 280م بسعر مميز / ref 1187,
عبدون,فاخرة,أرضي,310,450000,1452,🔴 مرتفع,1186,1100,1352,367660,338247,22,قوشان,شقة أرضية 310م مع حديقة في عبدون الشمالي,https://qoshan.com/property/%d8%b4%d9%82%d8%a9-%d8%a3%d8%b1%d8%b6%d9%8a%d8%a9-310%d9%85-%d9%85%d8%b9-%d8%ad%d8%af%d9%8a%d9%82%d8%a9-%d9%81%d9%8a-%d8%b9%d8%a8%d8%af%d9%88%d9%86-%d8%a7%d9%84%d8%b4%d9%85%d8%a7%d9%84%d9%8a/
عبدون,فاخرة,أرضي,205,300000,1463,🔴 مرتفع,1186,1100,1352,243130,223680,23,قوشان,شقة أرضية 205م مع بركة سباحة في عبدون,https://qoshan.com/property/%d8%b4%d9%82%d8%a9-%d8%a3%d8%b1%d8%b6%d9%8a%d8%a9-205%d9%85-%d9%85%d8%b9-%d8%a8%d8%b1%d9%83%d8%a9-%d8%b3%d8%a8%d8%a7%d8%ad%d8%a9-%d9%81%d9%8a-%d8%b9%d8%a8%d8%af%d9%88%d9%86/
عبدون,فاخرة,أرضي,235,350000,1489,🔴 مرتفع,1186,1100,1352,278710,256413,26,قوشان,شقة أرضية 235م مع كراج و مدخل مستقل في عبدون,https://qoshan.com/property/%d8%b4%d9%82%d8%a9-%d8%a3%d8%b1%d8%b6%d9%8a%d8%a9-235%d9%85-%d9%85%d8%b9-%d9%83%d8%b1%d8%a7%d8%ac-%d9%88-%d9%85%d8%af%d8%ae%d9%84-%d9%85%d8%b3%d8%aa%d9%82%d9%84-%d9%81%d9%8a-%d8%b9%d8%a8%d8%af%d9%88/
عبدون,فاخرة,أرضي,275,430000,1564,🔴 مرتفع,1186,1100,1352,326150,300058,32,قوشان,شقة أرضية 4نوم بأجمل مواقع عبدون,https://qoshan.com/property/%d8%b4%d9%82%d8%a9-%d8%a3%d8%b1%d8%b6%d9%8a%d8%a9-4%d9%86%d9%88%d9%85-%d8%a8%d8%a3%d8%ac%d9%85%d9%84-%d9%85%d9%88%d8%a7%d9%82%d8%b9-%d8%b9%d8%a8%d8%af%d9%88%d9%86/
عبدون,فاخرة,أرضي,230,380000,1652,🔴 مرتفع,1186,1100,1352,272780,250958,39,السوق المفتوح,شقة أرضية مميزة 230م داخلي / 50م خارجي في أجمل مناطق عبدون/ ref 4081,
عبدون,فاخرة,أرضي,,,,— سعر/مساحة ناقصة,,,,,,,قوشان,شقق أرضية 2 و 3 نوم مع حديقة في أرقى أحياء عبدون,https://qoshan.com/property/%d8%b4%d9%82%d9%82-%d8%a3%d8%b1%d8%b6%d9%8a%d8%a9-2-%d9%88-3-%d9%86%d9%88%d9%85-%d9%85%d8%b9-%d8%ad%d8%af%d9%8a%d9%82%d8%a9-%d9%81%d9%8a-%d8%a3%d8%b1%d9%82%d9%89-%d8%a3%d8%ad%d9%8a%d8%a7%d8%a1-%d8%b9/
عبدون,فاخرة,أرضي,200,,,— سعر/مساحة ناقصة,,,,,,,قوشان,شقق أرضية مع حدائق واسعة بأجمل مواقع عبدون,https://qoshan.com/property/%d8%b4%d9%82%d9%82-%d8%a3%d8%b1%d8%b6%d9%8a%d8%a9-%d9%85%d8%b9-%d8%ad%d8%af%d8%a7%d8%a6%d9%82-%d9%88%d8%a7%d8%b3%d8%b9%d8%a9-%d8%a8%d8%a3%d8%ac%d9%85%d9%84-%d9%85%d9%88%d8%a7%d9%82%d8%b9-%d8%b9%d8%a8/
عبدون,فاخرة,أرضي,,135000,,— سعر/مساحة ناقصة,,,,,,,قوشان,شقة أرضية 90م مع تراسات واسعة في عبدون,https://qoshan.com/property/%d8%b4%d9%82%d8%a9-%d8%a3%d8%b1%d8%b6%d9%8a%d8%a9-90%d9%85-%d9%85%d8%b9-%d8%aa%d8%b1%d8%a7%d8%b3%d8%a7%d8%aa-%d9%88%d8%a7%d8%b3%d8%b9%d8%a9-%d9%81%d9%8a-%d8%b9%d8%a8%d8%af%d9%88%d9%86/
عبدون,فاخرة,أرضي,,270000,,— سعر/مساحة ناقصة,,,,,,,قوشان,شقة أرضية 200م بتشطيبات مميزة في عبدون,https://qoshan.com/property/%d8%b4%d9%82%d8%a9-%d8%a3%d8%b1%d8%b6%d9%8a%d8%a9-200%d9%85-%d8%a8%d8%aa%d8%b4%d8%b7%d9%8a%d8%a8%d8%a7%d8%aa-%d9%85%d9%85%d9%8a%d8%b2%d8%a9-%d9%81%d9%8a-%d8%b9%d8%a8%d8%af%d9%88%d9%86/
عبدون,فاخرة,أرضي,,270000,,— سعر/مساحة ناقصة,,,,,,,قوشان,شقة أرضية مع كراجين بمساحة 200م,https://qoshan.com/property/%d8%b4%d9%82%d8%a9-%d8%a3%d8%b1%d8%b6%d9%8a%d8%a9-%d9%85%d8%b9-%d9%83%d8%b1%d8%a7%d8%ac%d9%8a%d9%86-%d8%a8%d9%85%d8%b3%d8%a7%d8%ad%d8%a9-200%d9%85/
عبدون,فاخرة,روف,362,235000,649,🟢 صفقة,1000,755,1171,362000,333040,-35,قوشان,رووف طابقي 3 نوم بأجمل اطلالة في عبدون,https://qoshan.com/property/%d8%b1%d9%88%d9%88%d9%81-%d8%b7%d8%a7%d8%a8%d9%82%d9%8a-3-%d9%86%d9%88%d9%85-%d8%a8%d8%a3%d8%ac%d9%85%d9%84-%d8%a7%d8%b7%d9%84%d8%a7%d9%84%d8%a9-%d9%81%d9%8a-%d8%b9%d8%a8%d8%af%d9%88%d9%86/
عبدون,فاخرة,روف,175,120000,686,🟢 صفقة,1000,755,1171,175000,161000,-31,السوق المفتوح,شقة مفروشة فاخرة للبيع في عبدون  -  قرب إشارة الملكية الأردنية طابق ثالث 175م مع روف 85م بسعر مغري,
عبدون,فاخرة,روف,280,200000,714,🟢 صفقة,1000,755,1171,280000,257600,-29,قوشان,رووف دوبلكس بأعلى التشطيبات في عبدون,https://qoshan.com/property/%d8%b1%d9%88%d9%88%d9%81-%d8%af%d9%88%d8%a8%d9%84%d9%83%d8%b3-%d8%a8%d8%a3%d8%b9%d9%84%d9%89-%d8%a7%d9%84%d8%aa%d8%b4%d8%b7%d9%8a%d8%a8%d8%a7%d8%aa-%d9%81%d9%8a-%d8%b9%d8%a8%d8%af%d9%88%d9%86/
عبدون,فاخرة,روف,320,230000,719,🟢 صفقة,1000,755,1171,320000,294400,-28,السوق المفتوح,شقة اخير مع روف للبيع في كوريدور عبدون مساحة 320م2,
عبدون,فاخرة,روف,222,160000,721,🟢 صفقة,1000,755,1171,222000,204240,-28,السوق المفتوح,شقه مفروشه للبيع روف222م عبدون,
عبدون,فاخرة,روف,318,235000,739,🟢 صفقة,1000,755,1171,318000,292560,-26,السوق المفتوح,روف طابقي فاخر للبيع في عبدون الشمالي  - قرب السفارة الأندونيسية 318م تشطيب سوبر ديلوكس بسعر مغري,
عبدون,فاخرة,روف,318,245000,770,✅ عادل-أدنى,1000,755,1171,318000,292560,-23,قوشان,روف 318م في احياء عبدون الشمالي,https://qoshan.com/property/%d8%b1%d9%88%d9%81-318%d9%85-%d9%81%d9%8a-%d8%a7%d8%ad%d9%8a%d8%a7%d8%a1-%d8%b9%d8%a8%d8%af%d9%88%d9%86-%d8%a7%d9%84%d8%b4%d9%85%d8%a7%d9%84%d9%8a/
عبدون,فاخرة,روف,263,209000,795,✅ عادل-أدنى,1000,755,1171,263000,241960,-21,السوق المفتوح,شقة فاخرة للبيع في عبدون الشمالي قرب السفارة الهولندية طابق ثاني مع روف دوبلكس263م تشطيب سوبر ديلوكس,
عبدون,فاخرة,روف,430,350000,814,✅ عادل-أدنى,1000,755,1171,430000,395600,-19,السوق المفتوح,رووف طابقي مميز للبيع عبدون مساحة 430م مع تراسات تشطيبات فاخرة منطقة فلل اطلالة رائعة جديد لم يسكن,
عبدون,فاخرة,روف,500,430000,860,✅ عادل-أدنى,1000,755,1171,500000,460000,-14,السوق المفتوح,في عبدون الجنوبي روف مميز 500م داخلي وخارجي بتشطيبات راقية وأطلاله خلابه / ref 1101,
عبدون,فاخرة,روف,285,250000,877,✅ عادل-أدنى,1000,755,1171,285000,262200,-12,السوق المفتوح,في أجمل مناطق عبدون شقة طابق أخير مع روف 285م بتشطيبات مميزة/ ref 9039,
عبدون,فاخرة,روف,400,400000,1000,✅ عادل-أدنى,1000,755,1171,400000,368000,0,قوشان,رووف 400م في أجمل مواقع عبدون,https://qoshan.com/property/%d8%b1%d9%88%d9%88%d9%81-400%d9%85-%d9%81%d9%8a-%d8%a3%d8%ac%d9%85%d9%84-%d9%85%d9%88%d8%a7%d9%82%d8%b9-%d8%b9%d8%a8%d8%af%d9%88%d9%86/
عبدون,فاخرة,روف,180,180000,1000,✅ عادل-أدنى,1000,755,1171,180000,165600,0,السوق المفتوح,في أجمل مناطق عبدون الشمالي شقة أخير مع روف 180م مفروشة جزئي للبيع بسعر مميز / ref 1193,
عبدون,فاخرة,روف,130,135000,1038,🟡 عادل-أعلى,1000,755,1171,130000,119600,4,السوق المفتوح,فرصة استثمارية سكنية بالقرب من السفارة البريطانية في عبدون شقه اخير مع روف 130م مفروشة  بسعر مميز /,
عبدون,فاخرة,روف,300,320000,1067,🟡 عادل-أعلى,1000,755,1171,300000,276000,7,قوشان,رووف 300م بأعلى المواصفات وبأرقى أحياء عبدون,https://qoshan.com/property/%d8%b1%d9%88%d9%88%d9%81-300%d9%85-%d8%a8%d8%a3%d8%b9%d9%84%d9%89-%d8%a7%d9%84%d9%85%d9%88%d8%a7%d8%b5%d9%81%d8%a7%d8%aa-%d9%88%d8%a8%d8%a3%d8%b1%d9%82%d9%89-%d8%a3%d8%ad%d9%8a%d8%a7%d8%a1-%d8%b9/
عبدون,فاخرة,روف,450,480000,1067,🟡 عادل-أعلى,1000,755,1171,450000,414000,7,السوق المفتوح,بالقرب من دوار الاسره في عبدون شقة مميزة أخير مع روف 450م بسعر مميز / ref 1165,
عبدون,فاخرة,روف,334,385000,1153,🟡 عادل-أعلى,1000,755,1171,334000,307280,15,قوشان,شقة دوبلكس مميزة مع رووف  في عبدون,https://qoshan.com/property/%d8%b4%d9%82%d8%a9-%d8%af%d9%88%d8%a8%d9%84%d9%83%d8%b3-%d9%85%d9%85%d9%8a%d8%b2%d8%a9-%d9%85%d8%b9-%d8%b1%d9%88%d9%88%d9%81-%d9%81%d9%8a-%d8%b9%d8%a8%d8%af%d9%88%d9%86/
عبدون,فاخرة,روف,500,595000,1190,🔴 مرتفع,1000,755,1171,500000,460000,19,قوشان,رووف بأعلى المواصفات واطلالة مميزة في عبدون,https://qoshan.com/property/%d8%b1%d9%88%d9%88%d9%81-%d8%a8%d8%a3%d8%b9%d9%84%d9%89-%d8%a7%d9%84%d9%85%d9%88%d8%a7%d8%b5%d9%81%d8%a7%d8%aa-%d9%88%d8%a7%d8%b7%d9%84%d8%a7%d9%84%d8%a9-%d9%85%d9%85%d9%8a%d8%b2%d8%a9-%d9%81%d9%8a/
عبدون,فاخرة,روف,360,440000,1222,🔴 مرتفع,1000,755,1171,360000,331200,22,السوق المفتوح,في عبدون الشمالي شقة اخير مع روف 360م بتشطيبات راقية واطلاله مميزة/ ref 1197,
عبدون,فاخرة,روف,104,145000,1394,🔴 مرتفع,1000,755,1171,104000,95680,39,قوشان,رووف إستثماري مميز في عبدون,https://qoshan.com/property/%d8%b1%d9%88%d9%88%d9%81-%d8%a5%d8%b3%d8%aa%d8%ab%d9%85%d8%a7%d8%b1%d9%8a-%d9%85%d9%85%d9%8a%d8%b2-%d9%81%d9%8a-%d8%b9%d8%a8%d8%af%d9%88%d9%86/
عبدون,فاخرة,روف,350,490000,1400,🔴 مرتفع,1000,755,1171,350000,322000,40,قوشان,أخير مع رووف 350م دوبلكس في عبدون,https://qoshan.com/property/%d8%a3%d8%ae%d9%8a%d8%b1-%d9%85%d8%b9-%d8%b1%d9%88%d9%88%d9%81-350%d9%85-%d8%af%d9%88%d8%a8%d9%84%d9%83%d8%b3-%d9%81%d9%8a-%d8%b9%d8%a8%d8%af%d9%88%d9%86/
عبدون,فاخرة,روف,300,450000,1500,🔴 مرتفع,1000,755,1171,300000,276000,50,قوشان,رووف بإطلالة فخمة ومساحات مميزة في عبدون,https://qoshan.com/property/%d8%b1%d9%88%d9%88%d9%81-%d8%a8%d8%a5%d8%b7%d9%84%d8%a7%d9%84%d8%a9-%d9%81%d8%ae%d9%85%d8%a9-%d9%88%d9%85%d8%b3%d8%a7%d8%ad%d8%a7%d8%aa-%d9%85%d9%85%d9%8a%d8%b2%d8%a9-%d9%81%d9%8a-%d8%b9%d8%a8%d8%af/
عبدون,فاخرة,روف,265,675000,2547,🔴 مرتفع,1000,755,1171,265000,243800,155,السوق المفتوح,شقه أبراج عبدون الطابقية الفاخره/ روف بمساحة 265 متر مع ترسات خارجيه 310 متر,
عبدون,فاخرة,روف,254,,,— سعر/مساحة ناقصة,,,,,,,قوشان,أخير مع رووف دوبلكس بأرقى مواقع عبدون,https://qoshan.com/property/%d8%a3%d8%ae%d9%8a%d8%b1-%d9%85%d8%b9-%d8%b1%d9%88%d9%88%d9%81-%d8%af%d9%88%d8%a8%d9%84%d9%83%d8%b3-%d8%a8%d8%a3%d8%b1%d9%82%d9%89-%d9%85%d9%88%d8%a7%d9%82%d8%b9-%d8%b9%d8%a8%d8%af%d9%88%d9%86/
عبدون,فاخرة,روف,,430000,,— سعر/مساحة ناقصة,,,,,,,قوشان,اخير مع رووف بتشطيبات فخمة 275م في عبدون,https://qoshan.com/property/%d8%a7%d8%ae%d9%8a%d8%b1-%d9%85%d8%b9-%d8%b1%d9%88%d9%88%d9%81-%d8%a8%d8%aa%d8%b4%d8%b7%d9%8a%d8%a8%d8%a7%d8%aa-%d9%81%d8%ae%d9%85%d8%a9-275%d9%85-%d9%81%d9%8a-%d8%b9%d8%a8%d8%af%d9%88%d9%86/
دابوق,فاخرة,أرضي,200,162000,810,🟢 صفقة,1000,953,1104,200000,184000,-19,السوق المفتوح,شقة أرضية فاخرة للبيع في دابوق - قرب دوار خلدا 200م تشطيب سوبر ديلوكس لم تسكن بسعر مغري,
دابوق,فاخرة,أرضي,290,269000,928,🟢 صفقة,1000,953,1104,290000,266800,-7,السوق المفتوح,شقة أرضية فاخرة للبيع في دابوق خلف المواصفات والمقاييس 290م مع ترسات 300م تشطيب سوبر ديلوكس لم تس,
دابوق,فاخرة,أرضي,225,220000,978,✅ عادل-أدنى,1000,953,1104,225000,207000,-2,السوق المفتوح,شقة أرضية فاخرة للبيع في دابوق - خلف المواصفات والمقاييس 225م تشطيب سوبر ديلوكس لم تسكن,
دابوق,فاخرة,أرضي,275,275000,1000,✅ عادل-أدنى,1000,953,1104,275000,253000,0,السوق المفتوح,شقة دوبلكس أرضية للبيع دابوق مساحة 275م 4 نوم مع ترس وحديقة 250م تشطيبات سوبر ديلوكس جديدة لم تسكن,
دابوق,فاخرة,أرضي,260,270000,1038,🟡 عادل-أعلى,1000,953,1104,260000,239200,4,السوق المفتوح,دابوق/شقة أرضي دوبلكس260متر مع تراسات 300متر وكراج ومداخل خاصة لم تسكن -الرقم المرجعي 14709,
دابوق,فاخرة,أرضي,230,269000,1170,🔴 مرتفع,1000,953,1104,230000,211600,17,قوشان,شقة أرضية مع ترس و مدخل و كراج مستقل في أجمل أحياء دابوق,https://qoshan.com/property/%d8%b4%d9%82%d8%a9-%d8%a3%d8%b1%d8%b6%d9%8a%d8%a9-%d9%a2%d9%a3%d9%a0%d9%85-%d9%85%d8%b9-%d8%aa%d8%b1%d8%b3-%d9%a5%d9%a0%d9%85-%d9%88-%d9%85%d8%af%d8%ae%d9%84-%d9%88-%d9%83%d8%b1%d8%a7%d8%ac-%d9%85/
دابوق,فاخرة,أرضي,345,465000,1348,🔴 مرتفع,1000,953,1104,345000,317400,35,قوشان,شقة طابقية أرضية بمساحة 315م مميزة في دابوق,https://qoshan.com/property/%d8%b4%d9%82%d8%a9-%d8%b7%d8%a7%d8%a8%d9%82%d9%8a%d8%a9-%d8%a3%d8%b1%d8%b6%d9%8a%d8%a9-%d8%a8%d9%85%d8%b3%d8%a7%d8%ad%d8%a9-315%d9%85-%d9%85%d9%85%d9%8a%d8%b2%d8%a9-%d9%81%d9%8a-%d8%af%d8%a7%d8%a8/
دابوق,فاخرة,أرضي,,,,— سعر/مساحة ناقصة,,,,,,,قوشان,شقق أرضية 3 و 4 نوم مع حدائق واسعة في دابوق,https://qoshan.com/property/%d8%b4%d9%82%d9%82-%d8%a3%d8%b1%d8%b6%d9%8a%d8%a9-3-%d9%88-4-%d9%86%d9%88%d9%85-%d9%85%d8%b9-%d8%ad%d8%af%d8%a7%d8%a6%d9%82-%d9%88%d8%a7%d8%b3%d8%b9%d8%a9-%d9%81%d9%8a-%d8%af%d8%a7%d8%a8%d9%88%d9%82/
دابوق,فاخرة,أرضي,,,,— سعر/مساحة ناقصة,,,,,,,قوشان,شقق أرضية 3-4 نوم بإطلالة مميزة في دابوق,https://qoshan.com/property/%d8%b4%d9%82%d9%82-%d8%a3%d8%b1%d8%b6%d9%8a%d8%a9-3-4-%d9%86%d9%88%d9%85-%d8%a8%d8%a5%d8%b7%d9%84%d8%a7%d9%84%d8%a9-%d9%85%d9%85%d9%8a%d8%b2%d8%a9-%d9%81%d9%8a-%d8%af%d8%a7%d8%a8%d9%88%d9%82/
دابوق,فاخرة,أرضي,240,,,— سعر/مساحة ناقصة,,,,,,,قوشان,شقق أرضية مع حديقة ومدخل خاص في دابوق,https://qoshan.com/property/%d8%b4%d9%82%d9%82-%d8%a3%d8%b1%d8%b6%d9%8a%d8%a9-%d9%85%d8%b9-%d8%ad%d8%af%d9%8a%d9%82%d8%a9-%d9%88%d9%85%d8%af%d8%ae%d9%84-%d8%ae%d8%a7%d8%b5-%d9%81%d9%8a-%d8%af%d8%a7%d8%a8%d9%88%d9%82/
دابوق,فاخرة,روف,500,350000,700,🟢 صفقة,1047,809,1406,523500,481620,-33,السوق المفتوح,دابوق قرب القصور الملكيه روف دبلكس 500م مع التراسات فخم جدا واطلاله شبه فيلا مستقل,
دابوق,فاخرة,روف,340,270000,794,🟢 صفقة,1047,809,1406,355980,327502,-24,قوشان,رووف بإطلالة مميزة وتشطيبات خاصة في دابوق,https://qoshan.com/property/%d8%b1%d9%88%d9%88%d9%81-%d8%a8%d8%a5%d8%b7%d9%84%d8%a7%d9%84%d8%a9-%d9%85%d9%85%d9%8a%d8%b2%d8%a9-%d9%88%d8%aa%d8%b4%d8%b7%d9%8a%d8%a8%d8%a7%d8%aa-%d8%ae%d8%a7%d8%b5%d8%a9-%d9%81%d9%8a-%d8%af%d8%a7/
دابوق,فاخرة,روف,331,265000,801,🟢 صفقة,1047,809,1406,346557,318832,-24,قوشان,رووف مفروش بالكامل في أرقى مناطق دابوق,https://qoshan.com/property/%d8%b1%d9%88%d9%88%d9%81-%d9%85%d9%81%d8%b1%d9%88%d8%b4-%d8%a8%d8%a7%d9%84%d9%83%d8%a7%d9%85%d9%84-%d9%81%d9%8a-%d8%a3%d8%b1%d9%82%d9%89-%d9%85%d9%86%d8%a7%d8%b7%d9%82-%d8%af%d8%a7%d8%a8%d9%88%d9%82/
دابوق,فاخرة,روف,340,275000,809,✅ عادل-أدنى,1047,809,1406,355980,327502,-23,قوشان,رووف طابقي 3 نوم بأجمل إطلالة في دابوق,https://qoshan.com/property/%d8%b1%d9%88%d9%88%d9%81-%d8%b7%d8%a7%d8%a8%d9%82%d9%8a-3-%d9%86%d9%88%d9%85-%d8%a8%d8%a3%d8%ac%d9%85%d9%84-%d8%a5%d8%b7%d9%84%d8%a7%d9%84%d8%a9-%d9%81%d9%8a-%d8%af%d8%a7%d8%a8%d9%88%d9%82/
دابوق,فاخرة,روف,410,350000,854,✅ عادل-أدنى,1047,809,1406,429270,394928,-18,قوشان,رووف طابقي 5 غرف نوم مميز في دابوق,https://qoshan.com/property/%d8%b1%d9%88%d9%88%d9%81-%d8%b7%d8%a7%d8%a8%d9%82%d9%8a-5-%d8%ba%d8%b1%d9%81-%d9%86%d9%88%d9%85-%d9%85%d9%85%d9%8a%d8%b2-%d9%81%d9%8a-%d8%af%d8%a7%d8%a8%d9%88%d9%82/
دابوق,فاخرة,روف,200,190000,950,✅ عادل-أدنى,1047,809,1406,209400,192648,-9,قوشان,رووف 200 متر مع تراسات 150 متر في دابوق,https://qoshan.com/property/%d8%b1%d9%88%d9%88%d9%81-200-%d9%85%d8%aa%d8%b1-%d9%85%d8%b9-%d8%aa%d8%b1%d8%a7%d8%b3%d8%a7%d8%aa-150-%d9%85%d8%aa%d8%b1-%d9%81%d9%8a-%d8%af%d8%a7%d8%a8%d9%88%d9%82/
دابوق,فاخرة,روف,430,450000,1047,✅ عادل-أدنى,1047,809,1406,450210,414193,0,قوشان,رووف طابقي 4 غرف نوم بأجمل اطلالة في دابوق,https://qoshan.com/property/%d8%b1%d9%88%d9%88%d9%81-%d8%b7%d8%a7%d8%a8%d9%82%d9%8a-4-%d8%ba%d8%b1%d9%81-%d9%86%d9%88%d9%85-%d8%a8%d8%a3%d8%ac%d9%85%d9%84-%d8%a7%d8%b7%d9%84%d8%a7%d9%84%d8%a9-%d9%81%d9%8a-%d8%af%d8%a7%d8%a8/
دابوق,فاخرة,روف,328,360000,1098,🟡 عادل-أعلى,1047,809,1406,343416,315943,5,قوشان,رووف وتوب رووف 4 نوم في أرقى مناطق دابوق,https://qoshan.com/property/%d8%b1%d9%88%d9%88%d9%81-%d9%88%d8%aa%d9%88%d8%a8-%d8%b1%d9%88%d9%88%d9%81-4-%d9%86%d9%88%d9%85-%d9%81%d9%8a-%d8%a3%d8%b1%d9%82%d9%89-%d9%85%d9%86%d8%a7%d8%b7%d9%82-%d8%af%d8%a7%d8%a8%d9%88%d9%82/
دابوق,فاخرة,روف,235,330000,1404,🟡 عادل-أعلى,1047,809,1406,246045,226361,34,قوشان,رووف مع بركة سباحة للبيع في دابوق,https://qoshan.com/property/%d8%b1%d9%88%d9%88%d9%81-%d9%85%d8%b9-%d8%a8%d8%b1%d9%83%d8%a9-%d8%b3%d8%a8%d8%a7%d8%ad%d8%a9-%d9%84%d9%84%d8%a8%d9%8a%d8%b9-%d9%81%d9%8a-%d8%af%d8%a7%d8%a8%d9%88%d9%82/
دابوق,فاخرة,روف,160,225000,1406,🟡 عادل-أعلى,1047,809,1406,167520,154118,34,قوشان,رووف مميز١٦٠ متر مع تراسات١٨٠ متر,https://qoshan.com/property/%d8%b1%d9%88%d9%88%d9%81-%d9%85%d9%85%d9%8a%d8%b2%d9%a1%d9%a6%d9%a0-%d9%85%d8%aa%d8%b1-%d9%85%d8%b9-%d8%aa%d8%b1%d8%a7%d8%b3%d8%a7%d8%aa%d9%a1%d9%a8%d9%a0-%d9%85%d8%aa%d8%b1/
دابوق,فاخرة,روف,200,310000,1550,🔴 مرتفع,1047,809,1406,209400,192648,48,قوشان,رووف طابقي 200م بأجمل إطلالة في دابوق,https://qoshan.com/property/%d8%b1%d9%88%d9%88%d9%81-%d8%b7%d8%a7%d8%a8%d9%82%d9%8a-200%d9%85-%d8%a8%d8%a3%d8%ac%d9%85%d9%84-%d8%a5%d8%b7%d9%84%d8%a7%d9%84%d8%a9-%d9%81%d9%8a-%d8%af%d8%a7%d8%a8%d9%88%d9%82/
دابوق,فاخرة,روف,205,325000,1585,🔴 مرتفع,1047,809,1406,214635,197464,51,قوشان,رووف طابقي بأجمل اطلالة في دابوق,https://qoshan.com/property/%d8%b1%d9%88%d9%88%d9%81-%d8%b7%d8%a7%d8%a8%d9%82%d9%8a-%d8%a8%d8%a3%d8%ac%d9%85%d9%84-%d8%a7%d8%b7%d9%84%d8%a7%d9%84%d8%a9-%d9%81%d9%8a-%d8%af%d8%a7%d8%a8%d9%88%d9%82/
دابوق,فاخرة,روف,170,285000,1676,🔴 مرتفع,1047,809,1406,177990,163751,60,قوشان,رووف مميز للبيع بمساحة 170م+ 140م ترسات في دابوق,https://qoshan.com/property/%d8%b1%d9%88%d9%88%d9%81-%d9%85%d9%85%d9%8a%d8%b2-%d9%84%d9%84%d8%a8%d9%8a%d8%b9-%d8%a8%d9%85%d8%b3%d8%a7%d8%ad%d8%a9-170%d9%85-140%d9%85-%d8%aa%d8%b1%d8%b3%d8%a7%d8%aa-%d9%81%d9%8a-%d8%af%d8%a7/
دابوق,فاخرة,روف,,285000,,— سعر/مساحة ناقصة,,,,,,,قوشان,رووف باطلالة مميزة مع توب رووف,https://qoshan.com/property/%d8%b1%d9%88%d9%88%d9%81-%d8%a8%d8%a7%d8%b7%d9%84%d8%a7%d9%84%d8%a9-%d9%85%d9%85%d9%8a%d8%b2%d8%a9-%d9%85%d8%b9-%d8%aa%d9%88%d8%a8-%d8%b1%d9%88%d9%88%d9%81/
دابوق,فاخرة,روف,,325000,,— سعر/مساحة ناقصة,,,,,,,قوشان,رووف مع ترسات مميز للبيع في دابوق,https://qoshan.com/property/%d8%b1%d9%88%d9%88%d9%81-%d9%85%d8%b9-%d8%aa%d8%b1%d8%b3%d8%a7%d8%aa-%d9%85%d9%85%d9%8a%d8%b2-%d9%84%d9%84%d8%a8%d9%8a%d8%b9-%d9%81%d9%8a-%d8%af%d8%a7%d8%a8%d9%88%d9%82/
دير غبار,راقية,أرضي,330,210000,636,🟢 صفقة,907,816,1090,299310,275365,-30,السوق المفتوح,شقة أرضية مميزة 330م داخلي_250م خارجي في أرقى مناطق دير غبار / ref 9898,
دير غبار,راقية,أرضي,193,140000,725,🟢 صفقة,907,816,1090,175051,161047,-20,قوشان,شقة أرضية على مستوى الشارع في دير غبار,https://qoshan.com/property/%d8%b4%d9%82%d8%a9-%d8%a3%d8%b1%d8%b6%d9%8a%d8%a9-%d8%b9%d9%84%d9%89-%d9%85%d8%b3%d8%aa%d9%88%d9%89-%d8%a7%d9%84%d8%b4%d8%a7%d8%b1%d8%b9-%d9%81%d9%8a-%d8%af%d9%8a%d8%b1-%d8%ba%d8%a8%d8%a7%d8%b1/
دير غبار,راقية,أرضي,395,295000,747,🟢 صفقة,907,816,1090,358265,329604,-18,السوق المفتوح,شقة طابقية أرضية فخمة على اشارات دير غبار 395م داخلي + 200م خارجي مع مدخل مستقل وكراج خاص,
دير غبار,راقية,أرضي,240,180000,750,🟢 صفقة,907,816,1090,217680,200266,-17,السوق المفتوح,شقة أرضية مفروشة مميزة للبيع في دير غبار - حي السهل  - قرب مدارس القمة 240م مع حديقة وترس 60م,
دير غبار,راقية,أرضي,145,109000,752,🟢 صفقة,907,816,1090,131515,120994,-17,السوق المفتوح,شقه أرضية للبيع دير غبار مساحه 145م مع تراسات و حدائق بأسعار مميزة,
دير غبار,راقية,أرضي,155,120000,774,🟢 صفقة,907,816,1090,140585,129338,-15,السوق المفتوح,شقة أرضية مع حديقة 155م في أجمل مناطق دير غبار / ref 1079,
دير غبار,راقية,أرضي,155,121000,781,🟢 صفقة,907,816,1090,140585,129338,-14,السوق المفتوح,ديرغبار  طابق أرضية مع حديقة 155م في أجمل مناطق دير غبار / ref 1079,
دير غبار,راقية,أرضي,191,155000,812,🟢 صفقة,907,816,1090,173237,159378,-11,السوق المفتوح,شقة أرضية مفروشة فاخرة للبيع في دير غبار قرب جونيا ودوار الهاشميين 191م مع ترس وحديقة 35م بسعر مغري,
دير غبار,راقية,أرضي,175,145000,829,✅ عادل-أدنى,907,816,1090,158725,146027,-9,السوق المفتوح,شقة أرضية فاخرة 175م في دير غبار - تشطيبات ملكية وتسليم فوري,
دير غبار,راقية,أرضي,129,110000,853,✅ عادل-أدنى,907,816,1090,117003,107643,-6,السوق المفتوح,شقة أرضية مميزة للبيع 129م مع حديقة 25م في أجمل مناطق دير غبار وبسعر مغري / ref 9915,
دير غبار,راقية,أرضي,230,200000,870,✅ عادل-أدنى,907,816,1090,208610,191921,-4,السوق المفتوح,شقة أرضية فاخرة 230م مع ترس أمامي ومدخل خاص في دير غبار – مشروع ملاك,
دير غبار,راقية,أرضي,175,155000,886,✅ عادل-أدنى,907,816,1090,158725,146027,-2,السوق المفتوح,شقة أرضية فاخرة 175م مع مدخل خاص وترس في دير غبار – تسليم فوري,
دير غبار,راقية,أرضي,175,155000,886,✅ عادل-أدنى,907,816,1090,158725,146027,-2,السوق المفتوح,شقة أرضية فاخرة 175م بمدخل مستقل في دير غبار – تسليم فوري,
دير غبار,راقية,أرضي,133,119000,895,✅ عادل-أدنى,907,816,1090,120631,110981,-1,السوق المفتوح,شقة أرضي خلفي يمين للبيع مع ترس وحديقة – دير غبار 133م+64م خارجي,
دير غبار,راقية,أرضي,133,119000,895,✅ عادل-أدنى,907,816,1090,120631,110981,-1,السوق المفتوح,شقة أرضية فاخرة للبيع في دير غبار - حي السهل  - قرب مدارس القمة 133م مع حديقة وترس 80م لم تسكن,
دير غبار,راقية,أرضي,136,125000,919,🟡 عادل-أعلى,907,816,1090,123352,113484,1,السوق المفتوح,شقة أرضية فاخرة للبيع في دير غبار - حي السهل  - قرب مدارس القمة 136م مع حديقة وترس 78م لم تسكن,
دير غبار,راقية,أرضي,136,126000,926,🟡 عادل-أعلى,907,816,1090,123352,113484,2,السوق المفتوح,شقة أرضية فاخرة للبيع في دير غبار - حي السهل  - قرب مدارس القمة 136م مع حديقة وترسات 120م لم تسكن,
دير غبار,راقية,أرضي,120,120000,1000,🟡 عادل-أعلى,907,816,1090,108840,100133,10,قوشان,شقة أرضية مفروشة 120متر مع ترس في دير غبار,https://qoshan.com/property/%d8%b4%d9%82%d8%a9-%d8%a3%d8%b1%d8%b6%d9%8a%d8%a9-%d9%85%d9%81%d8%b1%d9%88%d8%b4%d8%a9-120%d9%85%d8%aa%d8%b1-%d9%85%d8%b9-%d8%aa%d8%b1%d8%b3-%d9%81%d9%8a-%d8%af%d9%8a%d8%b1-%d8%ba%d8%a8%d8%a7%d8%b1/
دير غبار,راقية,أرضي,440,440000,1000,🟡 عادل-أعلى,907,816,1090,399080,367154,10,قوشان,شقة أرضية دوبلكس 440م مع بركة سباحة في دير غبار,https://qoshan.com/property/%d8%b4%d9%82%d8%a9-%d8%a3%d8%b1%d8%b6%d9%8a%d8%a9-%d8%af%d9%88%d8%a8%d9%84%d9%83%d8%b3-440%d9%85-%d9%85%d8%b9-%d8%a8%d8%b1%d9%83%d8%a9-%d8%b3%d8%a8%d8%a7%d8%ad%d8%a9-%d9%81%d9%8a-%d8%af%d9%8a%d8%b1/
دير غبار,راقية,أرضي,200,205000,1025,🟡 عادل-أعلى,907,816,1090,181400,166888,13,السوق المفتوح,شقة أرضية فاخرة للبيع في دير غبار - حي السهل  - قرب مدارس القمة 200م مع ترس 70م لم تسكن,
دير غبار,راقية,أرضي,280,300000,1071,🟡 عادل-أعلى,907,816,1090,253960,233643,18,قوشان,شقة أرضية مع ترس و كراج مستقل في دير غبار,https://qoshan.com/property/%d8%b4%d9%82%d8%a9-%d8%a3%d8%b1%d8%b6%d9%8a%d8%a9-%d9%85%d8%b9-%d8%aa%d8%b1%d8%b3-%d9%88-%d9%83%d8%b1%d8%a7%d8%ac-%d9%85%d8%b3%d8%aa%d9%82%d9%84-%d9%81%d9%8a-%d8%af%d9%8a%d8%b1-%d8%ba%d8%a8%d8%a7/
دير غبار,راقية,أرضي,230,249000,1083,🟡 عادل-أعلى,907,816,1090,208610,191921,19,قوشان,شقق أرضية بمساحات مختلفة في دير غبار,https://qoshan.com/property/%d8%b4%d9%82%d9%82-%d8%a3%d8%b1%d8%b6%d9%8a%d8%a9-%d8%a8%d9%85%d8%b3%d8%a7%d8%ad%d8%a7%d8%aa-%d9%85%d8%ae%d8%aa%d9%84%d9%81%d8%a9-%d9%81%d9%8a-%d8%af%d9%8a%d8%b1-%d8%ba%d8%a8%d8%a7%d8%b1/
دير غبار,راقية,أرضي,270,295000,1093,🔴 مرتفع,907,816,1090,244890,225299,20,السوق المفتوح,شقة أرضية فاخرة للبيع في دير غبار - حي السهل  - قرب مدارس القمة 270م مع ترس 50م تشطيب سوبر ديلوكس,
دير غبار,راقية,أرضي,188,210000,1117,🔴 مرتفع,907,816,1090,170516,156875,23,قوشان,شقة أرضية مع مدخل خاص وتراس أمامي في دير غبار,https://qoshan.com/property/%d8%b4%d9%82%d8%a9-%d8%a3%d8%b1%d8%b6%d9%8a%d8%a9-%d9%85%d8%b9-%d9%85%d8%af%d8%ae%d9%84-%d8%ae%d8%a7%d8%b5-%d9%88%d8%aa%d8%b1%d8%a7%d8%b3-%d8%a3%d9%85%d8%a7%d9%85%d9%8a-%d9%81%d9%8a-%d8%af%d9%8a%d8%b1/
دير غبار,راقية,أرضي,250,285000,1140,🔴 مرتفع,907,816,1090,226750,208610,26,السوق المفتوح,شقة أرضية جديدة للبيع في أجمل مواقع دير غبار مساحة 250م مع ترس و حديقة 150م تشطيبات ديكورات عصرية,
دير غبار,راقية,أرضي,105,122000,1162,🔴 مرتفع,907,816,1090,95235,87616,28,السوق المفتوح,شقة أرضية للبيع 105م مع ترس 25م (سكنية - استثمارية) في ديرغبار شارع ال 60 ، مطبخ راكب ، تدفئة غاز,
دير غبار,راقية,أرضي,235,285000,1213,🔴 مرتفع,907,816,1090,213145,196093,34,السوق المفتوح,شقة أرضية فاخرة للبيع في دير غبار - قرب جونيا 235م مع حديقة وترسات 100م لم تسكن,
دير غبار,راقية,أرضي,182,240000,1319,🔴 مرتفع,907,816,1090,165074,151868,45,السوق المفتوح,شقة أرضية فاخرة للبيع في دير غبار - قرب جونيا 182م مع ترسات 100م تشطيب سوبر ديلوكس لم تسكن,
دير غبار,راقية,أرضي,287,380000,1324,🔴 مرتفع,907,816,1090,260309,239484,46,قوشان,شقة أرضية في أجمل مواقع ديرغبار,https://qoshan.com/property/%d8%b4%d9%82%d8%a9-%d8%a3%d8%b1%d8%b6%d9%8a%d8%a9-%d9%81%d9%8a-%d8%a3%d8%ac%d9%85%d9%84-%d9%85%d9%88%d8%a7%d9%82%d8%b9-%d8%af%d9%8a%d8%b1%d8%ba%d8%a8%d8%a7%d8%b1/
دير غبار,راقية,أرضي,200,350000,1750,🔴 مرتفع,907,816,1090,181400,166888,93,السوق المفتوح,خلف نقابة المقاولين شقة أرضية 200م في دير غبار / ref 1255,
دير غبار,راقية,أرضي,,320000,,— سعر/مساحة ناقصة,,,,,,,قوشان,شقة أرضية مفروشة على مستوى الشارع في دير غبار,https://qoshan.com/property/%d8%b4%d9%82%d8%a9-%d8%a3%d8%b1%d8%b6%d9%8a%d8%a9-%d9%85%d9%81%d8%b1%d9%88%d8%b4%d8%a9-%d8%b9%d9%84%d9%89-%d9%85%d8%b3%d8%aa%d9%88%d9%89-%d8%a7%d9%84%d8%b4%d8%a7%d8%b1%d8%b9-%d9%81%d9%8a-%d8%af%d9%8a/
دير غبار,راقية,أرضي,167,,,— سعر/مساحة ناقصة,,,,,,,قوشان,شقق أرضية 3 نوم بتصميم عصري في دير غبار,https://qoshan.com/property/%d8%b4%d9%82%d9%82-%d8%a3%d8%b1%d8%b6%d9%8a%d8%a9-3-%d9%86%d9%88%d9%85-%d8%a8%d8%aa%d8%b5%d9%85%d9%8a%d9%85-%d8%b9%d8%b5%d8%b1%d9%8a-%d9%81%d9%8a-%d8%af%d9%8a%d8%b1-%d8%ba%d8%a8%d8%a7%d8%b1/
دير غبار,راقية,روف,375,210000,560,🟢 صفقة,971,888,1114,364125,334995,-42,السوق المفتوح,شقة دوبلكس (أخير مع روف)375م مفروشة في أرقى مناطق دير غبار / ref 2069,
دير غبار,راقية,روف,365,300000,822,🟢 صفقة,971,888,1114,354415,326062,-15,السوق المفتوح,روف مميز للبيع 365م في أجمل مناطق دير غبار وكردور عبدون / ref 9910,
دير غبار,راقية,روف,265,230000,868,🟢 صفقة,971,888,1114,257315,236730,-11,قوشان,أخير مع رووف باطلالة دائمة في ديرغبار,https://qoshan.com/property/%d8%a3%d8%ae%d9%8a%d8%b1-%d9%85%d8%b9-%d8%b1%d9%88%d9%88%d9%81-%d8%a8%d8%a7%d8%b7%d9%84%d8%a7%d9%84%d8%a9-%d8%af%d8%a7%d8%a6%d9%85%d8%a9-%d9%81%d9%8a-%d8%af%d9%8a%d8%b1%d8%ba%d8%a8%d8%a7%d8%b1/
دير غبار,راقية,روف,190,165000,868,🟢 صفقة,971,888,1114,184490,169731,-11,السوق المفتوح,بارقى مناطق عمان الغربيه دير غبار حجار نوابلسه شقه بمساحه 190 م طابق اول او ثاني او ثالث مع روف,
دير غبار,راقية,روف,187,166000,888,✅ عادل-أدنى,971,888,1114,181577,167051,-9,السوق المفتوح,شقة فاخرة للبيع في دير غبار - حي السهل  - قرب مدارس القمة طابق ثالث مع روف دوبلكس 187م لم تسكن,
دير غبار,راقية,روف,180,160000,889,✅ عادل-أدنى,971,888,1114,174780,160798,-8,السوق المفتوح,شقة فاخرة للبيع في دير غبار  - خلف زيت وزعتر طابق ثالث 180م مع روف 100م تشطيب سوبر ديلوكس,
دير غبار,راقية,روف,205,190000,927,✅ عادل-أدنى,971,888,1114,199055,183131,-5,السوق المفتوح,شقه طابق ثالث مع روف بمساحه كليه 205 م بارقى مناطق دير غبار حجار نوابلسه عل شارعين 24 م/12 م,
دير غبار,راقية,روف,215,200000,930,✅ عادل-أدنى,971,888,1114,208765,192064,-4,السوق المفتوح,شقه شبه ارضيه بمدخل مستقل بمساحه 215 م موجود مكرر وارضي وروف بمساحه 230 م ومساحه 190 م استغل الفرصه,
دير غبار,راقية,روف,135,130000,963,✅ عادل-أدنى,971,888,1114,131085,120598,-1,السوق المفتوح,شقة مفروشة فاخرة للبيع في دير غبار  - خلف زيت وزعتر طابق ثالث مع روف دوبلكس 135م تشطيب سوبر ديلوكس,
دير غبار,راقية,روف,230,225000,978,🟡 عادل-أعلى,971,888,1114,223330,205464,1,السوق المفتوح,شقة فاخرة للبيع في دير غبار - حي السهل  - قرب مدارس القمة طابق ثالث مع روف دوبلكس 230م لم تسكن,
دير غبار,راقية,روف,275,275000,1000,🟡 عادل-أعلى,971,888,1114,267025,245663,3,السوق المفتوح,شقة طابق ثالث مع روف واسع 275م – مشروع هاشم,
دير غبار,راقية,روف,190,190000,1000,🟡 عادل-أعلى,971,888,1114,184490,169731,3,السوق المفتوح,شقة دوبليكس مع روف مساحة 190م باجمل مناطق دير غبار,
دير غبار,راقية,روف,180,198000,1100,🟡 عادل-أعلى,971,888,1114,174780,160798,13,قوشان,طابق أخير 180م مع رووف في دير غبار,https://qoshan.com/property/%d8%b7%d8%a7%d8%a8%d9%82-%d8%a3%d8%ae%d9%8a%d8%b1-180%d9%85-%d9%85%d8%b9-%d8%b1%d9%88%d9%88%d9%81-%d9%81%d9%8a-%d8%af%d9%8a%d8%b1-%d8%ba%d8%a8%d8%a7%d8%b1/
دير غبار,راقية,روف,380,425000,1118,🔴 مرتفع,971,888,1114,368980,339462,15,قوشان,أخير مع رووف في أجمل مواقع دير غبار بإطلالة فخمة,https://qoshan.com/property/%d8%a3%d8%ae%d9%8a%d8%b1-%d9%85%d8%b9-%d8%b1%d9%88%d9%88%d9%81-%d9%81%d9%8a-%d8%a3%d8%ac%d9%85%d9%84-%d9%85%d9%88%d8%a7%d9%82%d8%b9-%d8%af%d9%8a%d8%b1-%d8%ba%d8%a8%d8%a7%d8%b1-%d8%a8%d8%a5%d8%b7%d9%84/
دير غبار,راقية,روف,150,170000,1133,🔴 مرتفع,971,888,1114,145650,133998,17,قوشان,أخير مع رووف في موقع حيوي في دير غبار,https://qoshan.com/property/%d8%a3%d8%ae%d9%8a%d8%b1-%d9%85%d8%b9-%d8%b1%d9%88%d9%88%d9%81-%d9%81%d9%8a-%d9%85%d9%88%d9%82%d8%b9-%d8%ad%d9%8a%d9%88%d9%8a-%d9%81%d9%8a-%d8%af%d9%8a%d8%b1-%d8%ba%d8%a8%d8%a7%d8%b1/
دير غبار,راقية,روف,209,240000,1148,🔴 مرتفع,971,888,1114,202939,186704,18,قوشان,طابق أخير 209 م مع رووف بإطلالة فخمة في دير غبار,https://qoshan.com/property/%d8%b7%d8%a7%d8%a8%d9%82-%d8%a3%d8%ae%d9%8a%d8%b1-209-%d9%85-%d9%85%d8%b9-%d8%b1%d9%88%d9%88%d9%81-%d8%a8%d8%a5%d8%b7%d9%84%d8%a7%d9%84%d8%a9-%d9%81%d8%ae%d9%85%d8%a9-%d9%81%d9%8a-%d8%af%d9%8a%d8%b1/
دير غبار,راقية,روف,300,390000,1300,🔴 مرتفع,971,888,1114,291300,267996,34,السوق المفتوح,شقه دير غبار أبراج العقارية - 300م روف دوبليكس,
دير غبار,راقية,روف,235,315000,1340,🔴 مرتفع,971,888,1114,228185,209930,38,السوق المفتوح,شقة فاخرة للبيع في دير غبار - قرب جونيا طابق ثالث 235م مع روف 150م لم تسكن,
خلدا,متوسطة,أرضي,207,120000,580,🟢 صفقة,886,767,1070,183402,168730,-35,السوق المفتوح,شقة أرضية طابقية مميزة للبيع في خلدا  -  قرب الموفنبيك ومطعم ورد 207م مع حديقة وترسات 245م بسعر مغري,
خلدا,متوسطة,أرضي,160,105000,656,🟢 صفقة,886,767,1070,141760,130419,-26,السوق المفتوح,شقه مميزه خلدا أرضية 160م مع تراس امامي واسع,
خلدا,متوسطة,أرضي,199,145000,729,🟢 صفقة,886,767,1070,176314,162209,-18,قوشان,شقة أرضية مع ترس ومدخل خاص في خلدا,https://qoshan.com/property/%d8%b4%d9%82%d8%a9-%d8%a3%d8%b1%d8%b6%d9%8a%d8%a9-%d9%85%d8%b9-%d8%aa%d8%b1%d8%b3-%d9%88%d9%85%d8%af%d8%ae%d9%84-%d8%ae%d8%a7%d8%b5-%d9%81%d9%8a-%d8%ae%d9%84%d8%af%d8%a7/
خلدا,متوسطة,أرضي,130,95000,731,🟢 صفقة,886,767,1070,115180,105966,-18,السوق المفتوح,شقة أرضية مميزة للبيع في خلدا - قرب السيتي مول 130م مع حديقة وترسات 140م بسعر مغري,
خلدا,متوسطة,أرضي,245,185000,755,🟢 صفقة,886,767,1070,217070,199704,-15,قوشان,شقة أرضية 245م مع تراس أمامي ومدخل مستقل في خلدا,https://qoshan.com/property/%d8%b4%d9%82%d8%a9-%d8%a3%d8%b1%d8%b6%d9%8a%d8%a9-245%d9%85-%d9%85%d8%b9-%d8%aa%d8%b1%d8%a7%d8%b3-%d8%a3%d9%85%d8%a7%d9%85%d9%8a-%d9%88%d9%85%d8%af%d8%ae%d9%84-%d9%85%d8%b3%d8%aa%d9%82%d9%84-%d9%81/
خلدا,متوسطة,أرضي,300,230000,767,✅ عادل-أدنى,886,767,1070,265800,244536,-13,قوشان,أرضي دوبلكس 300متر مع حديقة في خلدا,https://qoshan.com/property/%d8%a3%d8%b1%d8%b6%d9%8a-%d8%af%d9%88%d8%a8%d9%84%d9%83%d8%b3-300%d9%85%d8%aa%d8%b1-%d9%85%d8%b9-%d8%ad%d8%af%d9%8a%d9%82%d8%a9-%d9%81%d9%8a-%d8%ae%d9%84%d8%af%d8%a7/
خلدا,متوسطة,أرضي,160,130000,812,✅ عادل-أدنى,886,767,1070,141760,130419,-8,السوق المفتوح,شقة أرضية فاخرة للبيع في خلدا - خلف ميداس 160م مع ترسات 120م تشطيب سوبر ديلوكس لم تسكن,
خلدا,متوسطة,أرضي,150,125000,833,✅ عادل-أدنى,886,767,1070,132900,122268,-6,قوشان,شقة أرضية 150م مع تراسات 100م في خلدا,https://qoshan.com/property/%d8%b4%d9%82%d8%a9-%d8%a3%d8%b1%d8%b6%d9%8a%d8%a9-150%d9%85-%d9%85%d8%b9-%d8%aa%d8%b1%d8%a7%d8%b3%d8%a7%d8%aa-100%d9%85-%d9%81%d9%8a-%d8%ae%d9%84%d8%af%d8%a7/
خلدا,متوسطة,أرضي,350,300000,857,✅ عادل-أدنى,886,767,1070,310100,285292,-3,قوشان,شقه أرضية مع تراسات وحديقة في خلدا,https://qoshan.com/property/%d8%b4%d9%82%d9%87-%d8%a3%d8%b1%d8%b6%d9%8a%d8%a9-%d9%85%d8%b9-%d8%aa%d8%b1%d8%a7%d8%b3%d8%a7%d8%aa-%d9%88%d8%ad%d8%af%d9%8a%d9%82%d8%a9-%d9%81%d9%8a-%d8%ae%d9%84%d8%af%d8%a7/
خلدا,متوسطة,أرضي,150,130000,867,✅ عادل-أدنى,886,767,1070,132900,122268,-2,قوشان,شقة أرضية 150م للبيع في خلدا,https://qoshan.com/property/%d8%b4%d9%82%d8%a9-%d8%a3%d8%b1%d8%b6%d9%8a%d8%a9-150%d9%85-%d9%84%d9%84%d8%a8%d9%8a%d8%b9-%d9%81%d9%8a-%d8%ae%d9%84%d8%af%d8%a7/
خلدا,متوسطة,أرضي,220,195000,886,✅ عادل-أدنى,886,767,1070,194920,179326,0,السوق المفتوح,شقة أرضية 220 م مع حديقة 400 م من المالك مباشرة,
خلدا,متوسطة,أرضي,225,200000,889,🟡 عادل-أعلى,886,767,1070,199350,183402,0,السوق المفتوح,شقة أرضية فاخرة للبيع في خلدا - قرب هيئة الإتصالات الخاصة 225م مع ترسات 300م تشطيب سوبر ديلوكس,
خلدا,متوسطة,أرضي,200,180000,900,🟡 عادل-أعلى,886,767,1070,177200,163024,2,قوشان,شقة أرضية بمدخل مستقل مع حديقة واسعة في خلدا,https://qoshan.com/property/%d8%b4%d9%82%d8%a9-%d8%a3%d8%b1%d8%b6%d9%8a%d8%a9-%d8%a8%d9%85%d8%af%d8%ae%d9%84-%d9%85%d8%b3%d8%aa%d9%82%d9%84-%d9%85%d8%b9-%d8%ad%d8%af%d9%8a%d9%82%d8%a9-%d9%88%d8%a7%d8%b3%d8%b9%d8%a9-%d9%81%d9%8a/
خلدا,متوسطة,أرضي,146,136000,932,🟡 عادل-أعلى,886,767,1070,129356,119008,5,قوشان,شقة أرضية 146م مفروشة في خلدا,https://qoshan.com/property/%d8%b4%d9%82%d8%a9-%d8%a3%d8%b1%d8%b6%d9%8a%d8%a9-146%d9%85-%d9%85%d9%81%d8%b1%d9%88%d8%b4%d8%a9-%d9%81%d9%8a-%d8%ae%d9%84%d8%af%d8%a7/
خلدا,متوسطة,أرضي,300,320000,1067,🟡 عادل-أعلى,886,767,1070,265800,244536,20,قوشان,أرضية دوبلكس مع حديقة وبركة بموقع مميز في خلدا,https://qoshan.com/property/%d8%a3%d8%b1%d8%b6%d9%8a%d8%a9-%d8%af%d9%88%d8%a8%d9%84%d9%83%d8%b3-%d9%85%d8%b9-%d8%ad%d8%af%d9%8a%d9%82%d8%a9-%d9%88%d8%a8%d8%b1%d9%83%d8%a9-%d8%a8%d9%85%d9%88%d9%82%d8%b9-%d9%85%d9%85%d9%8a%d8%b2/
خلدا,متوسطة,أرضي,430,460000,1070,🟡 عادل-أعلى,886,767,1070,380980,350502,21,قوشان,شقة أرضية طابقية بمساحات خارجية واسعة في خلدا,https://qoshan.com/property/%d8%b4%d9%82%d8%a9-%d8%a3%d8%b1%d8%b6%d9%8a%d8%a9-%d8%b7%d8%a7%d8%a8%d9%82%d9%8a%d8%a9-%d8%a8%d9%85%d8%b3%d8%a7%d8%ad%d8%a7%d8%aa-%d8%ae%d8%a7%d8%b1%d8%ac%d9%8a%d8%a9-%d9%88%d8%a7%d8%b3%d8%b9%d8%a9/
خلدا,متوسطة,أرضي,200,220000,1100,🔴 مرتفع,886,767,1070,177200,163024,24,قوشان,شقة أرضية مع حديقة وكراج مستقل في خلدا,https://qoshan.com/property/%d8%b4%d9%82%d8%a9-%d8%a3%d8%b1%d8%b6%d9%8a%d8%a9-%d9%85%d8%b9-%d8%ad%d8%af%d9%8a%d9%82%d8%a9-%d9%88%d9%83%d8%b1%d8%a7%d8%ac-%d9%85%d8%b3%d8%aa%d9%82%d9%84-%d9%81%d9%8a-%d8%ae%d9%84%d8%af%d8%a7/
خلدا,متوسطة,أرضي,230,270000,1174,🔴 مرتفع,886,767,1070,203780,187478,32,قوشان,شقة أرضية 230م مع حديقة كبيرة في خلدا,https://qoshan.com/property/%d8%b4%d9%82%d8%a9-%d8%a3%d8%b1%d8%b6%d9%8a%d8%a9-230%d9%85-%d9%85%d8%b9-%d8%ad%d8%af%d9%8a%d9%82%d8%a9-%d9%83%d8%a8%d9%8a%d8%b1%d8%a9-%d9%81%d9%8a-%d8%ae%d9%84%d8%af%d8%a7/
خلدا,متوسطة,أرضي,190,230000,1211,🔴 مرتفع,886,767,1070,168340,154873,37,قوشان,شقة أرضية 190م مع حديقة كبيرة في خلدا,https://qoshan.com/property/%d8%b4%d9%82%d8%a9-%d8%a3%d8%b1%d8%b6%d9%8a%d8%a9-190%d9%85-%d9%85%d8%b9-%d8%ad%d8%af%d9%8a%d9%82%d8%a9-%d9%83%d8%a8%d9%8a%d8%b1%d8%a9-%d9%81%d9%8a-%d8%ae%d9%84%d8%af%d8%a7/
خلدا,متوسطة,أرضي,226,300000,1327,🔴 مرتفع,886,767,1070,200236,184217,50,قوشان,شقة أرضية 4 نوم مفروشة بالكامل بأفضل احياء خلدا,https://qoshan.com/property/%d8%b4%d9%82%d8%a9-%d8%a3%d8%b1%d8%b6%d9%8a%d8%a9-4-%d9%86%d9%88%d9%85-%d9%85%d9%81%d8%b1%d9%88%d8%b4%d8%a9-%d8%a8%d8%a7%d9%84%d9%83%d8%a7%d9%85%d9%84-%d8%a8%d8%a3%d9%81%d8%b6%d9%84-%d8%a7%d8%ad%d9%8a/
خلدا,متوسطة,أرضي,200,450000,2250,🔴 مرتفع,886,767,1070,177200,163024,154,قوشان,شقة أرضية 200م مع حديقة كبيرة في خلدا,https://qoshan.com/property/%d8%b4%d9%82%d8%a9-%d8%a3%d8%b1%d8%b6%d9%8a%d8%a9-200%d9%85-%d9%85%d8%b9-%d8%ad%d8%af%d9%8a%d9%82%d8%a9-%d9%83%d8%a8%d9%8a%d8%b1%d8%a9-%d9%81%d9%8a-%d8%ae%d9%84%d8%af%d8%a7/
خلدا,متوسطة,أرضي,,,,— سعر/مساحة ناقصة,,,,,,,قوشان,شقق أرضية 4 نوم بتشطيبات عالية في عوجانية خلدا,https://qoshan.com/property/%d8%b4%d9%82%d9%82-%d8%a3%d8%b1%d8%b6%d9%8a%d8%a9-4-%d9%86%d9%88%d9%85-%d8%a8%d8%aa%d8%b4%d8%b7%d9%8a%d8%a8%d8%a7%d8%aa-%d8%b9%d8%a7%d9%84%d9%8a%d8%a9-%d9%81%d9%8a-%d8%b9%d9%88%d8%ac%d8%a7%d9%86%d9%8a/
خلدا,متوسطة,أرضي,,,,— سعر/مساحة ناقصة,,,,,,,قوشان,شقق أرضية مميزة بأسعار منافسة في خلدا,https://qoshan.com/property/%d8%b4%d9%82%d9%82-%d8%a3%d8%b1%d8%b6%d9%8a%d8%a9-%d9%85%d9%85%d9%8a%d8%b2%d8%a9-%d8%a8%d8%a3%d8%b3%d8%b9%d8%a7%d8%b1-%d9%85%d9%86%d8%a7%d9%81%d8%b3%d8%a9-%d9%81%d9%8a-%d8%ae%d9%84%d8%af%d8%a7/
خلدا,متوسطة,أرضي,,240000,,— سعر/مساحة ناقصة,,,,,,,قوشان,شقق أرضية 210م مع حدائق وترسات في خلدا,https://qoshan.com/property/%d8%b4%d9%82%d9%82-%d8%a3%d8%b1%d8%b6%d9%8a%d8%a9-210%d9%85-%d9%85%d8%b9-%d8%ad%d8%af%d8%a7%d8%a6%d9%82-%d9%88%d8%aa%d8%b1%d8%b3%d8%a7%d8%aa-%d9%81%d9%8a-%d8%ae%d9%84%d8%af%d8%a7/
خلدا,متوسطة,أرضي,230,,,— سعر/مساحة ناقصة,,,,,,,قوشان,شقق أرضية 4 نوم مع حدائق كبيرة في خلدا,https://qoshan.com/property/%d8%b4%d9%82%d9%82-%d8%a3%d8%b1%d8%b6%d9%8a%d8%a9-4-%d9%86%d9%88%d9%85-%d9%85%d8%b9-%d8%ad%d8%af%d8%a7%d8%a6%d9%82-%d9%83%d8%a8%d9%8a%d8%b1%d8%a9-%d9%81%d9%8a-%d8%ae%d9%84%d8%af%d8%a7/
خلدا,متوسطة,أرضي,235,,,— سعر/مساحة ناقصة,,,,,,,قوشان,شقة أرضية 4 نوم في مناطق السكن الخاص في خلدا,https://qoshan.com/property/%d8%b4%d9%82%d8%a9-%d8%a3%d8%b1%d8%b6%d9%8a%d8%a9-4-%d9%86%d9%88%d9%85-%d9%81%d9%8a-%d9%85%d9%86%d8%a7%d8%b7%d9%82-%d8%a7%d9%84%d8%b3%d9%83%d9%86-%d8%a7%d9%84%d8%ae%d8%a7%d8%b5-%d9%81%d9%8a-%d8%ae/
خلدا,متوسطة,أرضي,200,,,— سعر/مساحة ناقصة,,,,,,,قوشان,شقق 200م أرضية بتشطيبات مميزة في خلدا,https://qoshan.com/property/%d8%b4%d9%82%d9%82-200%d9%85-%d8%a3%d8%b1%d8%b6%d9%8a%d8%a9-%d8%a8%d8%aa%d8%b4%d8%b7%d9%8a%d8%a8%d8%a7%d8%aa-%d9%85%d9%85%d9%8a%d8%b2%d8%a9-%d9%81%d9%8a-%d8%ae%d9%84%d8%af%d8%a7/
خلدا,متوسطة,أرضي,305,,,— سعر/مساحة ناقصة,,,,,,,قوشان,4 نوم أرضية دوبلكس في أجمل مناطق خلدا,https://qoshan.com/property/4-%d9%86%d9%88%d9%85-%d8%a3%d8%b1%d8%b6%d9%8a%d8%a9-%d8%af%d9%88%d8%a8%d9%84%d9%83%d8%b3-%d9%81%d9%8a-%d8%a3%d8%ac%d9%85%d9%84-%d9%85%d9%86%d8%a7%d8%b7%d9%82-%d8%ae%d9%84%d8%af%d8%a7/
خلدا,متوسطة,روف,340,127000,374,🟢 صفقة,760,608,907,258400,237728,-51,السوق المفتوح,شقة فاخرة للبيع في خلدا  طابق أخير مع روف مساحة 340م مع تراسات تشطيبات سوبر ديلوكس اطلالة رائعة جداً,
خلدا,متوسطة,روف,145,80000,552,🟢 صفقة,760,608,907,110200,101384,-27,السوق المفتوح,شقة مميزة للبيع في خلدا قرب إشارة البنك العربي طابق ثالث 145م مع روف 60م تشطيب سوبر ديلوكس بسعر مغري,
خلدا,متوسطة,روف,335,190000,567,🟢 صفقة,760,608,907,254600,234232,-25,السوق المفتوح,روف طابقي فاخر للبيع في خلدا - قرب هيئة الإتصالات الخاصة 335م تشطيب سوبر ديلوكس لم تسكن بسعر مغري,
خلدا,متوسطة,روف,403,235000,583,🟢 صفقة,760,608,907,306280,281778,-23,قوشان,رووف طابقي بإطلالة دائمة في خلدا,https://qoshan.com/property/%d8%b1%d9%88%d9%88%d9%81-%d8%b7%d8%a7%d8%a8%d9%82%d9%8a-%d8%a8%d8%a5%d8%b7%d9%84%d8%a7%d9%84%d8%a9-%d8%af%d8%a7%d8%a6%d9%85%d8%a9-%d9%81%d9%8a-%d8%ae%d9%84%d8%af%d8%a7/
خلدا,متوسطة,روف,490,290000,592,🟢 صفقة,760,608,907,372400,342608,-22,قوشان,رووف طابقي 490م في خلدا,https://qoshan.com/property/%d8%b1%d9%88%d9%88%d9%81-%d8%b7%d8%a7%d8%a8%d9%82%d9%8a-490%d9%85-%d9%81%d9%8a-%d8%ae%d9%84%d8%af%d8%a7/
خلدا,متوسطة,روف,370,220000,595,🟢 صفقة,760,608,907,281200,258704,-22,السوق المفتوح,شقه للبيع استثماريه طابق مع روف مساحه 370 م ساحات خارجية مقرمده خلد خلف البنك العربي اجمل منطقه بخلد,
خلدا,متوسطة,روف,600,365000,608,✅ عادل-أدنى,760,608,907,456000,419520,-20,السوق المفتوح,خلدا رووف طابقي 600 متر مطل اطلالة عالية على الحدائق,
خلدا,متوسطة,روف,230,140000,609,✅ عادل-أدنى,760,608,907,174800,160816,-20,قوشان,أخير مع رووف بإطلالة دائمة وسعر ممتاز في خلدا,https://qoshan.com/property/%d8%a3%d8%ae%d9%8a%d8%b1-%d9%85%d8%b9-%d8%b1%d9%88%d9%88%d9%81-%d8%a8%d8%a5%d8%b7%d9%84%d8%a7%d9%84%d8%a9-%d8%af%d8%a7%d8%a6%d9%85%d8%a9-%d9%88%d8%b3%d8%b9%d8%b1-%d9%85%d9%85%d8%aa%d8%a7%d8%b2-%d9%81/
خلدا,متوسطة,روف,230,140000,609,✅ عادل-أدنى,760,608,907,174800,160816,-20,السوق المفتوح,شقة فاخرة مع روف للبيع خلدا حي راقي 230م روف 120م مع اطلاله مواصفات مميزة بسعر مناسب ومغري,
خلدا,متوسطة,روف,244,155000,635,✅ عادل-أدنى,760,608,907,185440,170605,-16,قوشان,رووف طابقي 3 نوم بسعر ممتاز في خلدا,https://qoshan.com/property/%d8%b1%d9%88%d9%88%d9%81-%d8%b7%d8%a7%d8%a8%d9%82%d9%8a-3-%d9%86%d9%88%d9%85-%d8%a8%d8%b3%d8%b9%d8%b1-%d9%85%d9%85%d8%aa%d8%a7%d8%b2-%d9%81%d9%8a-%d8%ae%d9%84%d8%af%d8%a7/
خلدا,متوسطة,روف,275,190000,691,✅ عادل-أدنى,760,608,907,209000,192280,-9,السوق المفتوح,شقة فاخرة للبيع في خلدا - قرب هيئة الإتصالات الخاصة طابق ثالث مع روف دوبلكس 275م لم تسكن بسعر مغري,
خلدا,متوسطة,روف,170,118000,694,✅ عادل-أدنى,760,608,907,129200,118864,-9,السوق المفتوح,شقق دوبلكس جديدة للبيع في خلدا طابق أخير مع روف مساحات 170م & 200م مع تراسات اطلالة جميلة بسعر مميز,
خلدا,متوسطة,روف,264,200000,758,✅ عادل-أدنى,760,608,907,200640,184589,0,قوشان,طابق اخير مع رووف في خلدا,https://qoshan.com/property/%d8%b7%d8%a7%d8%a8%d9%82-%d8%a7%d8%ae%d9%8a%d8%b1-%d9%85%d8%b9-%d8%b1%d9%88%d9%88%d9%81-%d9%81%d9%8a-%d8%ae%d9%84%d8%af%d8%a7/
خلدا,متوسطة,روف,433,330000,762,🟡 عادل-أعلى,760,608,907,329080,302754,0,قوشان,رووف طابقي دوبلكس 4 نوم في خلدا,https://qoshan.com/property/%d8%b1%d9%88%d9%88%d9%81-%d8%b7%d8%a7%d8%a8%d9%82%d9%8a-%d8%af%d9%88%d8%a8%d9%84%d9%83%d8%b3-4-%d9%86%d9%88%d9%85-%d9%81%d9%8a-%d8%ae%d9%84%d8%af%d8%a7/
خلدا,متوسطة,روف,280,225000,804,🟡 عادل-أعلى,760,608,907,212800,195776,6,السوق المفتوح,شقة فاخرة للبيع في خلدا - العوجانية - قرب المفوضية طابق ثالث مع روف دوبلكس 280م تشطيب سوبر ديلوكس,
خلدا,متوسطة,روف,370,315000,851,🟡 عادل-أعلى,760,608,907,281200,258704,12,السوق المفتوح,للبيع روف طابقي في اجمل مناطق خلدا  منطقة فلل طابقين وروف 370 م,
خلدا,متوسطة,روف,270,230000,852,🟡 عادل-أعلى,760,608,907,205200,188784,12,قوشان,أخير مع رووف في خلدا قرب الهمشري,https://qoshan.com/property/%d8%a3%d8%ae%d9%8a%d8%b1-%d9%85%d8%b9-%d8%b1%d9%88%d9%88%d9%81-%d9%81%d9%8a-%d8%ae%d9%84%d8%af%d8%a7-%d9%82%d8%b1%d8%a8-%d8%a7%d9%84%d9%87%d9%85%d8%b4%d8%b1%d9%8a/
خلدا,متوسطة,روف,185,160000,865,🟡 عادل-أعلى,760,608,907,140600,129352,14,قوشان,أخير مع رووف في أفضل أحياء خلدا – العوجانية,https://qoshan.com/property/%d8%a3%d8%ae%d9%8a%d8%b1-%d9%85%d8%b9-%d8%b1%d9%88%d9%88%d9%81-%d9%81%d9%8a-%d8%a3%d9%81%d8%b6%d9%84-%d8%a3%d8%ad%d9%8a%d8%a7%d8%a1-%d8%ae%d9%84%d8%af%d8%a7-%d8%a7%d9%84%d8%b9%d9%88%d8%ac%d8%a7/
خلدا,متوسطة,روف,400,360000,900,🟡 عادل-أعلى,760,608,907,304000,279680,18,قوشان,رووف دوبلكس مجهز بالكامل مع إطلالة فخمة,https://qoshan.com/property/%d8%b1%d9%88%d9%88%d9%81-%d8%af%d9%88%d8%a8%d9%84%d9%83%d8%b3-%d9%85%d8%ac%d9%87%d8%b2-%d8%a8%d8%a7%d9%84%d9%83%d8%a7%d9%85%d9%84-%d9%85%d8%b9-%d8%a5%d8%b7%d9%84%d8%a7%d9%84%d8%a9-%d9%81%d8%ae%d9%85/
خلدا,متوسطة,روف,211,192000,910,🔴 مرتفع,760,608,907,160360,147531,20,قوشان,شقة فخمة رابع مع رووف في خلدا,https://qoshan.com/property/%d8%b4%d9%82%d8%a9-%d9%81%d8%ae%d9%85%d8%a9-%d8%b1%d8%a7%d8%a8%d8%b9-%d9%85%d8%b9-%d8%b1%d9%88%d9%88%d9%81-%d9%81%d9%8a-%d8%ae%d9%84%d8%af%d8%a7/
خلدا,متوسطة,روف,290,270000,931,🔴 مرتفع,760,608,907,220400,202768,23,قوشان,دوبلكس أخير مع رووف بأفضل أحياء خلدا,https://qoshan.com/property/%d8%b4%d9%82%d9%82-4-%d9%86%d9%88%d9%85-%d9%81%d9%8a-%d8%a7%d9%81%d8%b6%d9%84-%d8%a7%d8%ad%d9%8a%d8%a7%d8%a1-%d8%ae%d9%84%d8%af%d8%a7/
خلدا,متوسطة,روف,275,290000,1055,🔴 مرتفع,760,608,907,209000,192280,39,قوشان,أخير مع رووف بإطلالة مميزة ودائمة في خلدا,https://qoshan.com/property/%d8%a3%d8%ae%d9%8a%d8%b1-%d9%85%d8%b9-%d8%b1%d9%88%d9%88%d9%81-%d8%a8%d8%a5%d8%b7%d9%84%d8%a7%d9%84%d8%a9-%d9%85%d9%85%d9%8a%d8%b2%d8%a9-%d9%88%d8%af%d8%a7%d8%a6%d9%85%d8%a9-%d9%81%d9%8a-%d8%ae%d9%84/
خلدا,متوسطة,روف,200,230000,1150,🔴 مرتفع,760,608,907,152000,139840,51,قوشان,أخير مع رووف دوبلكس 230 متر في خلدا,https://qoshan.com/property/%d8%a3%d8%ae%d9%8a%d8%b1-%d9%85%d8%b9-%d8%b1%d9%88%d9%88%d9%81-%d8%af%d9%88%d8%a8%d9%84%d9%83%d8%b3-230-%d9%85%d8%aa%d8%b1-%d9%81%d9%8a-%d8%ae%d9%84%d8%af%d8%a7/
خلدا,متوسطة,روف,150,185000,1233,🔴 مرتفع,760,608,907,114000,104880,62,قوشان,رووف 300 متر بموقع مميز في خلدا,https://qoshan.com/property/%d8%b1%d9%88%d9%88%d9%81-300-%d9%85%d8%aa%d8%b1-%d8%a8%d9%85%d9%88%d9%82%d8%b9-%d9%85%d9%85%d9%8a%d8%b2-%d9%81%d9%8a-%d8%ae%d9%84%d8%af%d8%a7/
خلدا,متوسطة,روف,60,80000,1333,🔴 مرتفع,760,608,907,45600,41952,75,السوق المفتوح,فقط للجادين انتهى الإيجار للبيع خلدا ارخص شقه مع إمكانية روف من 40الى60متر مربع منطق,
خلدا,متوسطة,روف,316,450000,1424,🔴 مرتفع,760,608,907,240160,220947,87,قوشان,طابقية أخير مع رووف بإطلالة دائمة خلف سيتي مول,https://qoshan.com/property/%d8%b7%d8%a7%d8%a8%d9%82%d9%8a%d8%a9-%d8%a3%d8%ae%d9%8a%d8%b1-%d9%85%d8%b9-%d8%b1%d9%88%d9%88%d9%81-%d8%a8%d8%a5%d8%b7%d9%84%d8%a7%d9%84%d8%a9-%d8%af%d8%a7%d8%a6%d9%85%d8%a9-%d8%ae%d9%84%d9%81-%d8%b3/
خلدا,متوسطة,روف,,380000,,— سعر/مساحة ناقصة,,,,,,,قوشان,رووف طابقي للبيع بإطلالة دائمة خلف سيتي مول,https://qoshan.com/property/%d8%b1%d9%88%d9%88%d9%81-%d8%b7%d8%a7%d8%a8%d9%82%d9%8a-%d9%84%d9%84%d8%a8%d9%8a%d8%b9-%d8%a8%d8%a5%d8%b7%d9%84%d8%a7%d9%84%d8%a9-%d8%af%d8%a7%d8%a6%d9%85%d8%a9-%d8%ae%d9%84%d9%81-%d8%b3%d9%8a%d8%aa/
خلدا,متوسطة,روف,,250000,,— سعر/مساحة ناقصة,,,,,,,قوشان,أخير مع رووف 4 نوم بإطلالة مميزة في خلدا,https://qoshan.com/property/%d8%a3%d8%ae%d9%8a%d8%b1-%d9%85%d8%b9-%d8%b1%d9%88%d9%88%d9%81-4-%d9%86%d9%88%d9%85-%d8%a8%d8%a5%d8%b7%d9%84%d8%a7%d9%84%d8%a9-%d9%85%d9%85%d9%8a%d8%b2%d8%a9-%d9%81%d9%8a-%d8%ae%d9%84%d8%af%d8%a7/
خلدا,متوسطة,روف,250,,,— سعر/مساحة ناقصة,,,,,,,قوشان,أخير مع رووف بأجمل إطلالة في خلدا,https://qoshan.com/property/%d8%a3%d8%ae%d9%8a%d8%b1-%d9%85%d8%b9-%d8%b1%d9%88%d9%88%d9%81-%d8%a8%d8%a3%d8%ac%d9%85%d9%84-%d8%a5%d8%b7%d9%84%d8%a7%d9%84%d8%a9-%d9%81%d9%8a-%d8%ae%d9%84%d8%af%d8%a7/
خلدا,متوسطة,روف,,230000,,— سعر/مساحة ناقصة,,,,,,,قوشان,أخير مع رووف دوبلكس في أعلى مواقع خلدا,https://qoshan.com/property/%d8%a3%d8%ae%d9%8a%d8%b1-%d9%85%d8%b9-%d8%b1%d9%88%d9%88%d9%81-%d8%af%d9%88%d8%a8%d9%84%d9%83%d8%b3-%d9%81%d9%8a-%d8%a3%d8%b9%d9%84%d9%89-%d9%85%d9%88%d8%a7%d9%82%d8%b9-%d8%ae%d9%84%d8%af%d8%a7/
خلدا,متوسطة,روف,150,,,— سعر/مساحة ناقصة,,,,,,,قوشان,أخير 150 متر مع رووف مميز في خلدا,https://qoshan.com/property/%d8%a3%d8%ae%d9%8a%d8%b1-150-%d9%85%d8%aa%d8%b1-%d9%85%d8%b9-%d8%b1%d9%88%d9%88%d9%81-%d9%85%d9%85%d9%8a%d8%b2-%d9%81%d9%8a-%d8%ae%d9%84%d8%af%d8%a7/
خلدا,متوسطة,روف,,225000,,— سعر/مساحة ناقصة,,,,,,,قوشان,شقة 262م مع رووف مميز للبيع في خلدا,https://qoshan.com/property/%d8%b4%d9%82%d8%a9-262%d9%85-%d9%85%d8%b9-%d8%b1%d9%88%d9%88%d9%81-%d9%85%d9%85%d9%8a%d8%b2-%d9%84%d9%84%d8%a8%d9%8a%d8%b9-%d9%81%d9%8a-%d8%ae%d9%84%d8%af%d8%a7/
خلدا,متوسطة,روف,,275000,,— سعر/مساحة ناقصة,,,,,,,قوشان,دوبليكس مع رووف في خلدا للبيع,https://qoshan.com/property/%d8%af%d9%88%d8%a8%d9%84%d9%8a%d9%83%d8%b3-%d9%85%d8%b9-%d8%b1%d9%88%d9%88%d9%81-%d9%81%d9%8a-%d8%ae%d9%84%d8%af%d8%a7-%d9%84%d9%84%d8%a8%d9%8a%d8%b9/
أم السماق,راقية,أرضي,220,155000,705,🟢 صفقة,923,846,1105,203060,186815,-24,السوق المفتوح,شقة أرضية فاخرة للبيع في أم السماق - خلف الدر المنثور 220م مع ترسات 100م تشطيب سوبر ديلوكس,
أم السماق,راقية,أرضي,181,140000,773,🟢 صفقة,923,846,1105,167063,153698,-16,قوشان,أرضية مع حديقة على مستوى الشارع في أم السماق,https://qoshan.com/property/%d8%a3%d8%b1%d8%b6%d9%8a%d8%a9-%d9%85%d8%b9-%d8%ad%d8%af%d9%8a%d9%82%d8%a9-%d8%b9%d9%84%d9%89-%d9%85%d8%b3%d8%aa%d9%88%d9%89-%d8%a7%d9%84%d8%b4%d8%a7%d8%b1%d8%b9-%d9%81%d9%8a-%d8%a3%d9%85-%d8%a7%d9%84/
أم السماق,راقية,أرضي,158,145000,918,✅ عادل-أدنى,923,846,1105,145834,134167,-1,قوشان,شقة أرضية بمساحة ١٥٨متر في ام السماق,https://qoshan.com/property/%d8%b4%d9%82%d8%a9-%d8%a3%d8%b1%d8%b6%d9%8a%d8%a9-%d8%a8%d9%85%d8%b3%d8%a7%d8%ad%d8%a9-%d9%a1%d9%a5%d9%a8%d9%85%d8%aa%d8%b1-%d9%81%d9%8a-%d8%a7%d9%85-%d8%a7%d9%84%d8%b3%d9%85%d8%a7%d9%82/
أم السماق,راقية,أرضي,195,180000,923,✅ عادل-أدنى,923,846,1105,179985,165586,0,السوق المفتوح,شقة أرضية مميزة للبيع في أم السماق - قرب مدارس الجزيرة 195م مع حديقة وترسات 200م تشطيب سوبر ديلوكس,
أم السماق,راقية,أرضي,306,330000,1078,🟡 عادل-أعلى,923,846,1105,282438,259843,17,السوق المفتوح,شقة أرضية طابقية فاخرة للبيع في أم السماق  - قرب التلاوي 306م مع ترسات 200م ومسبح لم تسكن,
أم السماق,راقية,أرضي,265,300000,1132,🔴 مرتفع,923,846,1105,244595,225027,23,قوشان,طابقية أرضية مميزة للبيع ش.عبدالله غوشة,https://qoshan.com/property/%d8%b7%d8%a7%d8%a8%d9%82%d9%8a%d8%a9-%d8%a3%d8%b1%d8%b6%d9%8a%d8%a9-%d9%85%d9%85%d9%8a%d8%b2%d8%a9-%d9%84%d9%84%d8%a8%d9%8a%d8%b9-%d8%b4-%d8%b9%d8%a8%d8%af%d8%a7%d9%84%d9%84%d9%87-%d8%ba%d9%88%d8%b4/
أم السماق,راقية,أرضي,200,230000,1150,🔴 مرتفع,923,846,1105,184600,169832,25,قوشان,شقق أرضية 200م مع تراسات وحدائق في أم السماق,https://qoshan.com/property/%d8%b4%d9%82%d9%82-%d8%a3%d8%b1%d8%b6%d9%8a%d8%a9-200%d9%85-%d9%85%d8%b9-%d8%aa%d8%b1%d8%a7%d8%b3%d8%a7%d8%aa-%d9%88%d8%ad%d8%af%d8%a7%d8%a6%d9%82-%d9%81%d9%8a-%d8%a3%d9%85-%d8%a7%d9%84%d8%b3%d9%85/
أم السماق,راقية,روف,301,220000,731,🟢 صفقة,875,760,913,263375,242305,-16,قوشان,أخير مع رووف 301م دوبلكس خلف سيتي مول,https://qoshan.com/property/%d8%a3%d8%ae%d9%8a%d8%b1-%d9%85%d8%b9-%d8%b1%d9%88%d9%88%d9%81-301%d9%85-%d8%af%d9%88%d8%a8%d9%84%d9%83%d8%b3-%d8%ae%d9%84%d9%81-%d8%b3%d9%8a%d8%aa%d9%8a-%d9%85%d9%88%d9%84/
أم السماق,راقية,روف,286,210000,734,🟢 صفقة,875,760,913,250250,230230,-16,قوشان,شقة مفروشة دوبلكس مع رووف باطلالة مميزة,https://qoshan.com/property/%d8%b4%d9%82%d8%a9-%d9%85%d9%81%d8%b1%d9%88%d8%b4%d8%a9-%d8%af%d9%88%d8%a8%d9%84%d9%83%d8%b3-%d9%85%d8%b9-%d8%b1%d9%88%d9%88%d9%81-%d8%a8%d8%a7%d8%b7%d9%84%d8%a7%d9%84%d8%a9-%d9%85%d9%85%d9%8a%d8%b2/
أم السماق,راقية,روف,140,110000,786,✅ عادل-أدنى,875,760,913,122500,112700,-10,قوشان,أخير مع رووف استثماري في أم السماق,https://qoshan.com/property/%d8%a3%d8%ae%d9%8a%d8%b1-%d9%85%d8%b9-%d8%b1%d9%88%d9%88%d9%81-%d8%a7%d8%b3%d8%aa%d8%ab%d9%85%d8%a7%d8%b1%d9%8a-%d9%81%d9%8a-%d8%a3%d9%85-%d8%a7%d9%84%d8%b3%d9%85%d8%a7%d9%82/
أم السماق,راقية,روف,200,175000,875,✅ عادل-أدنى,875,760,913,175000,161000,0,قوشان,أخير مع رووف بتشطيبات خاصة في أم السماق,https://qoshan.com/property/%d8%a3%d8%ae%d9%8a%d8%b1-%d9%85%d8%b9-%d8%b1%d9%88%d9%88%d9%81-%d8%a8%d8%aa%d8%b4%d8%b7%d9%8a%d8%a8%d8%a7%d8%aa-%d8%ae%d8%a7%d8%b5%d8%a9-%d9%81%d9%8a-%d8%a3%d9%85-%d8%a7%d9%84%d8%b3%d9%85%d8%a7%d9%82/
أم السماق,راقية,روف,265,240000,906,🟡 عادل-أعلى,875,760,913,231875,213325,4,قوشان,أخير مع رووف بإطلالة مميزة وتشطيبات عالية في ام السماق,https://qoshan.com/property/%d8%a3%d8%ae%d9%8a%d8%b1-%d9%85%d8%b9-%d8%b1%d9%88%d9%88%d9%81-%d8%a8%d8%a5%d8%b7%d9%84%d8%a7%d9%84%d8%a9-%d9%85%d9%85%d9%8a%d8%b2%d8%a9-%d9%88%d8%aa%d8%b4%d8%b7%d9%8a%d8%a8%d8%a7%d8%aa-%d8%b9%d8%a7/
أم السماق,راقية,روف,250,230000,920,🔴 مرتفع,875,760,913,218750,201250,5,قوشان,شقة أخير مع رووف دوبلكس 250م في أم السماق,https://qoshan.com/property/%d8%b4%d9%82%d8%a9-%d8%a3%d8%ae%d9%8a%d8%b1-%d9%85%d8%b9-%d8%b1%d9%88%d9%88%d9%81-%d8%af%d9%88%d8%a8%d9%84%d9%83%d8%b3-250%d9%85-%d9%81%d9%8a-%d8%a3%d9%85-%d8%a7%d9%84%d8%b3%d9%85%d8%a7%d9%82/
أم السماق,راقية,روف,220,285000,1295,🔴 مرتفع,875,760,913,192500,177100,48,السوق المفتوح,روف فاخر للبيع في أم السماق  - قرب السيتي مول 220م مع ترسات 220م تشطيب سوبر ديلوكس لم تسكن,
ضاحية النخيل,متوسطة,أرضي,200,150000,750,🟢 صفقة,859,837,904,171800,158056,-13,السوق المفتوح,شقق أرضية و طوابق مكررة جديدة للبيع ضاحية النخيل مساحات 200م تشطيبات ديكورات فاخرة اطلالة جميلة,
ضاحية النخيل,متوسطة,أرضي,275,230000,836,🟢 صفقة,859,837,904,236225,217327,-3,قوشان,شقة أرضية دوبلكس 275م في ضاحيه النخيل,https://qoshan.com/property/%d8%b4%d9%82%d8%a9-%d8%a3%d8%b1%d8%b6%d9%8a%d8%a9-%d8%af%d9%88%d8%a8%d9%84%d9%83%d8%b3-275%d9%85-%d9%81%d9%8a-%d8%b6%d8%a7%d8%ad%d9%8a%d9%87-%d8%a7%d9%84%d9%86%d8%ae%d9%8a%d9%84/
ضاحية النخيل,متوسطة,أرضي,200,168000,840,✅ عادل-أدنى,859,837,904,171800,158056,-2,قوشان,شقة أرضية مع ترس و مدخل مستقل في ضاحية النخيل,https://qoshan.com/property/%d8%b4%d9%82%d9%82-%d8%a3%d8%b1%d8%b6%d9%8a%d8%a9-%d9%85%d8%b9-%d9%85%d8%b3%d8%a7%d8%ad%d8%a7%d8%aa-%d8%ae%d8%a7%d8%b1%d8%ac%d9%8a%d8%a9-%d9%81%d9%8a-%d8%b6%d8%a7%d8%ad%d9%8a%d8%a9-%d8%a7%d9%84%d9%86/
ضاحية النخيل,متوسطة,أرضي,245,215000,878,🟡 عادل-أعلى,859,837,904,210455,193619,2,قوشان,أرضية 4 نوم على مستوى الشارع في ضاحية النخيل,https://qoshan.com/property/%d8%a3%d8%b1%d8%b6%d9%8a%d8%a9-4-%d9%86%d9%88%d9%85-%d8%b9%d9%84%d9%89-%d9%85%d8%b3%d8%aa%d9%88%d9%89-%d8%a7%d9%84%d8%b4%d8%a7%d8%b1%d8%b9-%d9%81%d9%8a-%d8%b6%d8%a7%d8%ad%d9%8a%d8%a9-%d8%a7%d9%84/
ضاحية النخيل,متوسطة,أرضي,230,210000,913,🔴 مرتفع,859,837,904,197570,181764,6,قوشان,أرضية 3 نوم مع حديقة ومدخل مستقل في النخيل,https://qoshan.com/property/%d8%a3%d8%b1%d8%b6%d9%8a%d8%a9-3-%d9%86%d9%88%d9%85-%d9%85%d8%b9-%d8%ad%d8%af%d9%8a%d9%82%d8%a9-%d9%88%d9%85%d8%af%d8%ae%d9%84-%d9%85%d8%b3%d8%aa%d9%82%d9%84-%d9%81%d9%8a-%d8%a7%d9%84%d9%86%d8%ae/
ضاحية النخيل,متوسطة,أرضي,220,230000,1045,🔴 مرتفع,859,837,904,188980,173862,22,قوشان,شقة أرضية مع حديقة في ضاحية النخيل,https://qoshan.com/property/%d8%b4%d9%82%d8%a9-%d8%a3%d8%b1%d8%b6%d9%8a%d8%a9-%d9%85%d8%b9-%d8%ad%d8%af%d9%8a%d9%82%d8%a9-%d9%81%d9%8a-%d8%b6%d8%a7%d8%ad%d9%8a%d8%a9-%d8%a7%d9%84%d9%86%d8%ae%d9%8a%d9%84/
ضاحية النخيل,متوسطة,أرضي,195,,,— سعر/مساحة ناقصة,,,,,,,قوشان,شقق أرضية 3 نوم بأجمل احياء ضاحية النخيل,https://qoshan.com/property/%d8%b4%d9%82%d9%82-%d8%a3%d8%b1%d8%b6%d9%8a%d8%a9-3-%d9%86%d9%88%d9%85-%d8%a8%d8%a3%d8%ac%d9%85%d9%84-%d8%a7%d8%ad%d9%8a%d8%a7%d8%a1-%d8%b6%d8%a7%d8%ad%d9%8a%d8%a9-%d8%a7%d9%84%d9%86%d8%ae%d9%8a%d9%84/
ضاحية النخيل,متوسطة,أرضي,,260000,,— سعر/مساحة ناقصة,,,,,,,قوشان,شقة أرضية مميزه في ضاحية النخيل,https://qoshan.com/property/%d8%b4%d9%82%d8%a9-%d8%a3%d8%b1%d8%b6%d9%8a%d8%a9-%d9%85%d9%85%d9%8a%d8%b2%d9%87-%d9%81%d9%8a-%d8%b6%d8%a7%d8%ad%d9%8a%d8%a9-%d8%a7%d9%84%d9%86%d8%ae%d9%8a%d9%84/
ضاحية النخيل,متوسطة,أرضي,170,,,— سعر/مساحة ناقصة,,,,,,,قوشان,شقق أرضية وطوابق علوية بأجمل مواقع ضاحية النخيل,https://qoshan.com/property/%d8%b4%d9%82%d9%82-%d8%a3%d8%b1%d8%b6%d9%8a%d8%a9-%d9%88%d8%b7%d9%88%d8%a7%d8%a8%d9%82-%d8%b9%d9%84%d9%88%d9%8a%d8%a9-%d8%a8%d8%a3%d8%ac%d9%85%d9%84-%d9%85%d9%88%d8%a7%d9%82%d8%b9-%d8%b6%d8%a7%d8%ad/
ضاحية النخيل,متوسطة,أرضي,200,,,— سعر/مساحة ناقصة,,,,,,,قوشان,شقق أرضية 3 و 4 نوم في ضاحية النخيل,https://qoshan.com/property/%d8%b4%d9%82%d9%82-%d8%a3%d8%b1%d8%b6%d9%8a%d8%a9-3-%d9%88-4-%d9%86%d9%88%d9%85-%d9%81%d9%8a-%d8%b6%d8%a7%d8%ad%d9%8a%d8%a9-%d8%a7%d9%84%d9%86%d8%ae%d9%8a%d9%84/
ضاحية النخيل,متوسطة,أرضي,,184000,,— سعر/مساحة ناقصة,,,,,,,قوشان,شقة أرضية 226 متر مع حديقة 135 متر وكراج في ضاحية النخيل,https://qoshan.com/property/%d8%b4%d9%82%d8%a9-%d8%a3%d8%b1%d8%b6%d9%8a%d8%a9-226-%d9%85%d8%aa%d8%b1-%d9%85%d8%b9-%d8%ad%d8%af%d9%8a%d9%82%d8%a9-135-%d9%85%d8%aa%d8%b1-%d9%88%d9%83%d8%b1%d8%a7%d8%ac-%d9%81%d9%8a-%d8%b6%d8%a7/
ضاحية النخيل,متوسطة,روف,273,180000,659,🟢 صفقة,814,733,934,222222,204444,-19,السوق المفتوح,شقة اخير مع روف دوبلكس باطلالة عالية للبيع في قرية النخيل بمساحة اجمالية 273م,
ضاحية النخيل,متوسطة,روف,350,240000,686,🟢 صفقة,814,733,934,284900,262108,-16,قوشان,أخير مع رووف بحي هادئ في ضاحية النخيل,https://qoshan.com/property/%d8%a3%d8%ae%d9%8a%d8%b1-%d9%85%d8%b9-%d8%b1%d9%88%d9%88%d9%81-%d8%a8%d8%ad%d9%8a-%d9%87%d8%a7%d8%af%d8%a6-%d9%81%d9%8a-%d8%b6%d8%a7%d8%ad%d9%8a%d8%a9-%d8%a7%d9%84%d9%86%d8%ae%d9%8a%d9%84/
ضاحية النخيل,متوسطة,روف,335,240000,716,🟢 صفقة,814,733,934,272690,250875,-12,قوشان,أخير مع رووف بأرقى أحياء ضاحية النخيل,https://qoshan.com/property/%d8%a3%d8%ae%d9%8a%d8%b1-%d9%85%d8%b9-%d8%b1%d9%88%d9%88%d9%81-%d8%a8%d8%a3%d8%b1%d9%82%d9%89-%d8%a3%d8%ad%d9%8a%d8%a7%d8%a1-%d8%b6%d8%a7%d8%ad%d9%8a%d8%a9-%d8%a7%d9%84%d9%86%d8%ae%d9%8a%d9%84/
ضاحية النخيل,متوسطة,روف,185,145000,784,✅ عادل-أدنى,814,733,934,150590,138543,-4,قوشان,شقة 185م طابق أخير مع رووف في ضاحية النخيل,https://qoshan.com/property/%d8%b4%d9%82%d8%a9-185%d9%85-%d8%b7%d8%a7%d8%a8%d9%82-%d8%a3%d8%ae%d9%8a%d8%b1-%d9%85%d8%b9-%d8%b1%d9%88%d9%88%d9%81-%d9%81%d9%8a-%d8%b6%d8%a7%d8%ad%d9%8a%d8%a9-%d8%a7%d9%84%d9%86%d8%ae%d9%8a%d9%84/
ضاحية النخيل,متوسطة,روف,170,135000,794,✅ عادل-أدنى,814,733,934,138380,127310,-2,قوشان,شقة 170 متر مع رووف 100 متر في ضاحية النخيل,https://qoshan.com/property/%d8%b4%d9%82%d8%a9-170-%d9%85%d8%aa%d8%b1-%d9%85%d8%b9-%d8%b1%d9%88%d9%88%d9%81-100-%d9%85%d8%aa%d8%b1-%d9%81%d9%8a-%d8%b6%d8%a7%d8%ad%d9%8a%d8%a9-%d8%a7%d9%84%d9%86%d8%ae%d9%8a%d9%84/
ضاحية النخيل,متوسطة,روف,210,175000,833,🟡 عادل-أعلى,814,733,934,170940,157265,2,قوشان,أخير 210 متر مع رووف في ضاحية النخيل,https://qoshan.com/property/%d8%a3%d8%ae%d9%8a%d8%b1-210-%d9%85%d8%aa%d8%b1-%d9%85%d8%b9-%d8%b1%d9%88%d9%88%d9%81-%d9%81%d9%8a-%d8%b6%d8%a7%d8%ad%d9%8a%d8%a9-%d8%a7%d9%84%d9%86%d8%ae%d9%8a%d9%84/
ضاحية النخيل,متوسطة,روف,250,225000,900,🟡 عادل-أعلى,814,733,934,203500,187220,11,السوق المفتوح,شقة للبيع – 250م مع روف 50م دوبلكس وترس 150م  ضاحية النخيل,
ضاحية النخيل,متوسطة,روف,185,175000,946,🔴 مرتفع,814,733,934,150590,138543,16,قوشان,شقة مع روف بإطلالة مميزة على عمان الغربية في ضاحية النخيل,https://qoshan.com/property/%d8%b4%d9%82%d8%a9-%d9%85%d8%b9-%d8%b1%d9%88%d9%81-%d8%a8%d8%a5%d8%b7%d9%84%d8%a7%d9%84%d8%a9-%d9%85%d9%85%d9%8a%d8%b2%d8%a9-%d8%b9%d9%84%d9%89-%d8%b9%d9%85%d8%a7%d9%86-%d8%a7%d9%84%d8%ba%d8%b1/
ضاحية النخيل,متوسطة,روف,200,190000,950,🔴 مرتفع,814,733,934,162800,149776,17,قوشان,طابق أخير مع رووف تحت الإنشاء في ضاحية النخيل,https://qoshan.com/property/%d8%b7%d8%a7%d8%a8%d9%82-%d8%a3%d8%ae%d9%8a%d8%b1-%d9%85%d8%b9-%d8%b1%d9%88%d9%88%d9%81-%d8%aa%d8%ad%d8%aa-%d8%a7%d9%84%d8%a5%d9%86%d8%b4%d8%a7%d8%a1-%d9%81%d9%8a-%d8%b6%d8%a7%d8%ad%d9%8a%d8%a9-%d8%a7/
ضاحية النخيل,متوسطة,روف,158,165000,1044,🔴 مرتفع,814,733,934,128612,118323,28,قوشان,شقة 158 متر مع رووف 115 متر في قرية النخيل,https://qoshan.com/property/%d8%b4%d9%82%d8%a9-158-%d9%85%d8%aa%d8%b1-%d9%85%d8%b9-%d8%b1%d9%88%d9%88%d9%81-115-%d9%85%d8%aa%d8%b1-%d9%81%d9%8a-%d9%82%d8%b1%d9%8a%d8%a9-%d8%a7%d9%84%d9%86%d8%ae%d9%8a%d9%84/
طريق المطار,متوسطة,أرضي,210,149000,710,🟢 صفقة,725,721,875,152250,140070,-2,السوق المفتوح,شقة أرضية فاخرة للبيع  210م مع ترس خارجي,
طريق المطار,متوسطة,أرضي,305,220000,721,✅ عادل-أدنى,725,721,875,221125,203435,-1,قوشان,أرضي دوبلكس مع حديقة كبيرة على طريق المطار,https://qoshan.com/property/%d8%a3%d8%b1%d8%b6%d9%8a-%d8%af%d9%88%d8%a8%d9%84%d9%83%d8%b3-%d9%85%d8%b9-%d8%ad%d8%af%d9%8a%d9%82%d8%a9-%d9%83%d8%a8%d9%8a%d8%b1%d8%a9-%d8%b9%d9%84%d9%89-%d8%b7%d8%b1%d9%8a%d9%82-%d8%a7%d9%84%d9%85/
طريق المطار,متوسطة,أرضي,200,145000,725,✅ عادل-أدنى,725,721,875,145000,133400,0,قوشان,شقق أرضية في موقع مميز على طريق المطار,https://qoshan.com/property/%d8%b4%d9%82%d9%82-%d8%a3%d8%b1%d8%b6%d9%8a%d8%a9-%d9%81%d9%8a-%d9%85%d9%88%d9%82%d8%b9-%d9%85%d9%85%d9%8a%d8%b2-%d8%b9%d9%84%d9%89-%d8%b7%d8%b1%d9%8a%d9%82-%d8%a7%d9%84%d9%85%d8%b7%d8%a7%d8%b1/
طريق المطار,متوسطة,أرضي,200,175000,875,🟡 عادل-أعلى,725,721,875,145000,133400,21,قوشان,شقة أرضية مميزة مع ترسات عى طريق المطار,https://qoshan.com/property/%d8%b4%d9%82%d8%a9-%d8%a3%d8%b1%d8%b6%d9%8a%d8%a9-%d9%85%d9%85%d9%8a%d8%b2%d8%a9-%d9%85%d8%b9-%d8%aa%d8%b1%d8%b3%d8%a7%d8%aa-%d8%b9%d9%89-%d8%b7%d8%b1%d9%8a%d9%82-%d8%a7%d9%84%d9%85%d8%b7%d8%a7%d8%b1/
طريق المطار,متوسطة,أرضي,176,160000,909,🔴 مرتفع,725,721,875,127600,117392,25,السوق المفتوح,شقة أرضية فاخرة 176م مع ترس 30م - مشروع 37 خلف المدارس العالمية,
طريق المطار,متوسطة,روف,225,110000,489,🟢 صفقة,891,835,1026,200475,184437,-45,السوق المفتوح,شقة للبيع طريق المطار مقابل كلية لومينوس  225 م مع 80 م مساحة روف,
طريق المطار,متوسطة,روف,213,175000,822,🟢 صفقة,891,835,1026,189783,174600,-8,قوشان,أخير مع رووف 5 نوم في حي الصحابة,https://qoshan.com/property/%d8%a3%d8%ae%d9%8a%d8%b1-%d9%85%d8%b9-%d8%b1%d9%88%d9%88%d9%81-5-%d9%86%d9%88%d9%85-%d9%81%d9%8a-%d8%ad%d9%8a-%d8%a7%d9%84%d8%b5%d8%ad%d8%a7%d8%a8%d8%a9/
طريق المطار,متوسطة,روف,185,162000,876,✅ عادل-أدنى,891,835,1026,164835,151648,-2,السوق المفتوح,شقة فاخرة للبيع في طريق المطار - خلف المدارس العالمية طابق ثالث 185م مع روف 150م تشطيب سوبر ديلوكس,
طريق المطار,متوسطة,روف,215,195000,907,🟡 عادل-أعلى,891,835,1026,191565,176240,2,السوق المفتوح,روف ملكي 215م مع ترس 70م وإطلالة خلابة - خلف المدارس العالمية,
طريق المطار,متوسطة,روف,230,245000,1065,🔴 مرتفع,891,835,1026,204930,188536,20,قوشان,أخير مع رووف 230م مفروش خلف المدارس العالمية,https://qoshan.com/property/%d8%a3%d8%ae%d9%8a%d8%b1-%d9%85%d8%b9-%d8%b1%d9%88%d9%88%d9%81-230%d9%85-%d9%85%d9%81%d8%b1%d9%88%d8%b4-%d8%ae%d9%84%d9%81-%d8%a7%d9%84%d9%85%d8%af%d8%a7%d8%b1%d8%b3-%d8%a7%d9%84%d8%b9%d8%a7%d9%84/
طريق المطار,متوسطة,روف,234,250000,1068,🔴 مرتفع,891,835,1026,208494,191814,20,السوق المفتوح,شقة للبيع روف طابقي 4 بمساحة 234م2 وتراسات محيطة 216م2  في طريق المطار الحويطي خلف المدارس العالمية,
طريق المطار,متوسطة,روف,200,,,— سعر/مساحة ناقصة,,,,,,,قوشان,شقق طابق أخير مع رووف بإطلالة مميزة على طريق المطار,https://qoshan.com/property/%d8%b4%d9%82%d9%82-%d8%b7%d8%a7%d8%a8%d9%82-%d8%a3%d8%ae%d9%8a%d8%b1-%d9%85%d8%b9-%d8%b1%d9%88%d9%88%d9%81-%d8%a8%d8%a5%d8%b7%d9%84%d8%a7%d9%84%d8%a9-%d9%85%d9%85%d9%8a%d8%b2%d8%a9-%d8%b9%d9%84%d9%89/
حي الصحابة,متوسطة,روف,200,150000,750,✅ عادل-أدنى (عيّنة صغيرة),750,750,750,150000,138000,0,قوشان,أخير مع رووف 200م في حي الصحابة,https://qoshan.com/property/%d8%a3%d8%ae%d9%8a%d8%b1-%d9%85%d8%b9-%d8%b1%d9%88%d9%88%d9%81-200%d9%85-%d9%81%d9%8a-%d8%ad%d9%8a-%d8%a7%d9%84%d8%b5%d8%ad%d8%a7%d8%a8%d8%a9/
الجبيهة,اقتصادية,أرضي,145,72000,497,🟢 صفقة (عيّنة صغيرة),563,530,596,81635,75104,-12,السوق المفتوح,شقه طابق أرضي للبيع الجبيهه قرب مدارس الابداع مساحة داخلي 145 متر وترسات خارجيه 150متر,
الجبيهة,اقتصادية,أرضي,175,110000,629,🔴 مرتفع (عيّنة صغيرة),563,530,596,98525,90643,12,السوق المفتوح,شقة أرضية 175 م الجبيهة مع كراج خاص وترسات 100 م بسعر 110 آلاف,
الجبيهة,اقتصادية,روف,150,77000,513,🟢 صفقة (عيّنة صغيرة),569,541,597,85350,78522,-10,السوق المفتوح,شقة للبيع طابق ثالث مع رووف الجبيهة أم زويتينة موقع مميز ومخدوم مساحة الشقة 150م والرووف 50م وترس 80,
الجبيهة,اقتصادية,روف,200,125000,625,🔴 مرتفع (عيّنة صغيرة),569,541,597,113800,104696,10,السوق المفتوح,شقة طابق أخير مع روف مطلة بمساحة 200 م2  الموقع : الجبيهة-ام زويتينة-بالقرب من مدارس أكاديمية ليمار,
شفا بدران,اقتصادية,أرضي,170,127000,747,✅ عادل-أدنى (عيّنة صغيرة),747,747,747,126990,116831,0,السوق المفتوح,شقة أرضية 170م مع حدائق وتراس 60م شفا بدران / الرقم المرجعي 14368,
شفا بدران,اقتصادية,روف,206,95000,461,🟢 صفقة,490,474,500,100940,92865,-6,السوق المفتوح,شقة طابق ثالث مع روف دفعة و الباقي اقساط 206م و ترس 30م بارقى احياء شقا بدران منطقة الكوم       .,
شفا بدران,اقتصادية,روف,195,92000,472,🟢 صفقة,490,474,500,95550,87906,-4,السوق المفتوح,روف بمساحة 195 متر بسعر مغري جدا,
شفا بدران,اقتصادية,روف,250,120000,480,✅ عادل-أدنى,490,474,500,122500,112700,-2,السوق المفتوح,شقة طابق ثالث مع روف مساحة 250 متر شفابدران,
شفا بدران,اقتصادية,روف,230,115000,500,🟡 عادل-أعلى,490,474,500,112700,103684,2,السوق المفتوح,شقة اخير مع روف، مساحة 230م، 5 غرف نوم، ترس واسع، تأسيس تدفئة غاز، مرج الفرس، شفا بدران.,
شفا بدران,اقتصادية,روف,160,80000,500,🟡 عادل-أعلى,490,474,500,78400,72128,2,السوق المفتوح,شقة 160 متر مع روف 120 متر للبيع,
شفا بدران,اقتصادية,روف,182,117000,643,🔴 مرتفع,490,474,500,89180,82046,31,السوق المفتوح,شقة للبيع طابق ثالث بمساحة 182م مع روف 38م وترس 120م باطلالة وتشطيبات مميزة باجمل مناطق شفا بدران.,
