area,floor_type,size_m2,price_jod,price_per_m2,source,title,url
دير غبار,أرضي,350,190000,543,السوق المفتوح,شقة أرضية (شبه فيلا) فاخرة للبيع في دير غبار - حي السهل  - قرب مدارس فيلادلفيا 350م مع حديقة 200م,
دير غبار,أرضي,330,210000,636,السوق المفتوح,شقة أرضية مميزة 330م داخلي_250م خارجي في أرقى مناطق دير غبار / ref 9898,
دير غبار,أرضي,193,140000,725,قوشان,شقة أرضية على مستوى الشارع في دير غبار,https://qoshan.com/property/%d8%b4%d9%82%d8%a9-%d8%a3%d8%b1%d8%b6%d9%8a%d8%a9-%d8%b9%d9%84%d9%89-%d9%85%d8%b3%d8%aa%d9%88%d9%89-%d8%a7%d9%84%d8%b4%d8%a7%d8%b1%d8%b9-%d9%81%d9%8a-%d8%af%d9%8a%d8%b1-%d8%ba%d8%a8%d8%a7%d8%b1/
دير غبار,أرضي,395,295000,747,السوق المفتوح,شقة طابقية أرضية فخمة على اشارات دير غبار 395م داخلي + 200م خارجي مع مدخل مستقل وكراج خاص,
دير غبار,أرضي,240,180000,750,السوق المفتوح,شقة أرضية مفروشة مميزة للبيع في دير غبار - حي السهل  - قرب مدارس القمة 240م مع حديقة وترس 60م,
دير غبار,أرضي,145,109000,752,السوق المفتوح,شقه أرضية للبيع دير غبار مساحه 145م مع تراسات و حدائق بأسعار مميزة,
دير غبار,أرضي,155,120000,774,السوق المفتوح,شقة أرضية مع حديقة 155م في أجمل مناطق دير غبار / ref 1079,
دير غبار,أرضي,155,121000,781,السوق المفتوح,ديرغبار  طابق أرضية مع حديقة 155م في أجمل مناطق دير غبار / ref 1079,
دير غبار,أرضي,190,150000,789,قوشان,شبه أرضي مع حديقة ومدخل خاص في دير غبار,https://qoshan.com/property/%d8%b4%d8%a8%d9%87-%d8%a3%d8%b1%d8%b6%d9%8a-%d9%85%d8%b9-%d8%ad%d8%af%d9%8a%d9%82%d8%a9-%d9%88%d9%85%d8%af%d8%ae%d9%84-%d8%ae%d8%a7%d8%b5-%d9%81%d9%8a-%d8%af%d9%8a%d8%b1-%d8%ba%d8%a8%d8%a7%d8%b1/
دير غبار,أرضي,191,155000,812,السوق المفتوح,شقة أرضية مفروشة فاخرة للبيع في دير غبار قرب جونيا ودوار الهاشميين 191م مع ترس وحديقة 35م بسعر مغري,
دير غبار,أرضي,175,145000,829,السوق المفتوح,شقة شبه أرضي 175م بمدخل مستقل وترس في دير غبار,
دير غبار,أرضي,175,145000,829,السوق المفتوح,شقة أرضية فاخرة 175م في دير غبار - تشطيبات ملكية وتسليم فوري,
دير غبار,أرضي,175,145000,829,السوق المفتوح,شقة شبه أرضي 175م بمدخل خاص وترس في دير غبار - خصوصية تامة,
دير غبار,أرضي,129,110000,853,السوق المفتوح,شقة أرضية مميزة للبيع 129م مع حديقة 25م في أجمل مناطق دير غبار وبسعر مغري / ref 9915,
دير غبار,أرضي,190,165000,868,السوق المفتوح,بارقى مناطق دير غبار حجار نوابلسه شقه بمساحه 190 م موجود طابق ارضي اول وثاني,
دير غبار,أرضي,230,200000,870,السوق المفتوح,شقة أرضية فاخرة 230م مع ترس أمامي ومدخل خاص في دير غبار – مشروع ملاك,
دير غبار,أرضي,176,155000,881,قوشان,شبه أرضي مع حديقة كبيرة في دير غبار,https://qoshan.com/property/%d8%b4%d8%a8%d9%87-%d8%a3%d8%b1%d8%b6%d9%8a-%d9%85%d8%b9-%d8%ad%d8%af%d9%8a%d9%82%d8%a9-%d9%83%d8%a8%d9%8a%d8%b1%d8%a9-%d9%81%d9%8a-%d8%af%d9%8a%d8%b1-%d8%ba%d8%a8%d8%a7%d8%b1/
دير غبار,أرضي,170,150000,882,قوشان,شقة شبه أرضي مع مدخل خاص و تراس في دير غبار,https://qoshan.com/property/%d8%b4%d9%82%d8%a9-%d8%b4%d8%a8%d9%87-%d8%a3%d8%b1%d8%b6%d9%8a-%d9%85%d8%b9-%d9%85%d8%af%d8%ae%d9%84-%d8%ae%d8%a7%d8%b5-%d9%88-%d8%aa%d8%b1%d8%a7%d8%b3-%d9%81%d9%8a-%d8%af%d9%8a%d8%b1-%d8%ba%d8%a8/
دير غبار,أرضي,175,155000,886,السوق المفتوح,شقة أرضية فاخرة 175م مع مدخل خاص وترس في دير غبار – تسليم فوري,
دير غبار,أرضي,175,155000,886,السوق المفتوح,شقه شبه ارضي بمدخل مستقل وترس واسع بارقى مناطق دير غبار حجار نوابلسه بمساحه داخليه 175 م وترس خارجي,
دير غبار,أرضي,175,155000,886,السوق المفتوح,شقة أرضية فاخرة 175م بمدخل مستقل في دير غبار – تسليم فوري,
دير غبار,أرضي,133,119000,895,السوق المفتوح,شقة أرضي خلفي يمين للبيع مع ترس وحديقة – دير غبار 133م+64م خارجي,
دير غبار,أرضي,133,119000,895,السوق المفتوح,شقة أرضية فاخرة للبيع في دير غبار - حي السهل  - قرب مدارس القمة 133م مع حديقة وترس 80م لم تسكن,
دير غبار,أرضي,230,210000,913,قوشان,شبه أرضي على شارعين 230م في ديرغبار,https://qoshan.com/property/%d8%b4%d8%a8%d9%87-%d8%a3%d8%b1%d8%b6%d9%8a-%d8%b9%d9%84%d9%89-%d8%b4%d8%a7%d8%b1%d8%b9%d9%8a%d9%86-230%d9%85-%d9%81%d9%8a-%d8%af%d9%8a%d8%b1%d8%ba%d8%a8%d8%a7%d8%b1/
دير غبار,أرضي,136,125000,919,السوق المفتوح,شقة أرضية فاخرة للبيع في دير غبار - حي السهل  - قرب مدارس القمة 136م مع حديقة وترس 78م لم تسكن,
دير غبار,أرضي,136,126000,926,السوق المفتوح,شقة أرضية فاخرة للبيع في دير غبار - حي السهل  - قرب مدارس القمة 136م مع حديقة وترسات 120م لم تسكن,
دير غبار,أرضي,200,195000,975,السوق المفتوح,شقة شبه أرضي 200م في أجمل مناطق دير غبار وبسعر مميز / ref 1253,
دير غبار,أرضي,120,120000,1000,قوشان,شقة أرضية مفروشة 120متر مع ترس في دير غبار,https://qoshan.com/property/%d8%b4%d9%82%d8%a9-%d8%a3%d8%b1%d8%b6%d9%8a%d8%a9-%d9%85%d9%81%d8%b1%d9%88%d8%b4%d8%a9-120%d9%85%d8%aa%d8%b1-%d9%85%d8%b9-%d8%aa%d8%b1%d8%b3-%d9%81%d9%8a-%d8%af%d9%8a%d8%b1-%d8%ba%d8%a8%d8%a7%d8%b1/
دير غبار,أرضي,440,440000,1000,قوشان,شقة أرضية دوبلكس 440م مع بركة سباحة في دير غبار,https://qoshan.com/property/%d8%b4%d9%82%d8%a9-%d8%a3%d8%b1%d8%b6%d9%8a%d8%a9-%d8%af%d9%88%d8%a8%d9%84%d9%83%d8%b3-440%d9%85-%d9%85%d8%b9-%d8%a8%d8%b1%d9%83%d8%a9-%d8%b3%d8%a8%d8%a7%d8%ad%d8%a9-%d9%81%d9%8a-%d8%af%d9%8a%d8%b1/
دير غبار,أرضي,200,205000,1025,السوق المفتوح,شقة أرضية فاخرة للبيع في دير غبار - حي السهل  - قرب مدارس القمة 200م مع ترس 70م لم تسكن,
دير غبار,أرضي,280,300000,1071,قوشان,شقة أرضية مع ترس و كراج مستقل في دير غبار,https://qoshan.com/property/%d8%b4%d9%82%d8%a9-%d8%a3%d8%b1%d8%b6%d9%8a%d8%a9-%d9%85%d8%b9-%d8%aa%d8%b1%d8%b3-%d9%88-%d9%83%d8%b1%d8%a7%d8%ac-%d9%85%d8%b3%d8%aa%d9%82%d9%84-%d9%81%d9%8a-%d8%af%d9%8a%d8%b1-%d8%ba%d8%a8%d8%a7/
دير غبار,أرضي,230,249000,1083,قوشان,شقق أرضية بمساحات مختلفة في دير غبار,https://qoshan.com/property/%d8%b4%d9%82%d9%82-%d8%a3%d8%b1%d8%b6%d9%8a%d8%a9-%d8%a8%d9%85%d8%b3%d8%a7%d8%ad%d8%a7%d8%aa-%d9%85%d8%ae%d8%aa%d9%84%d9%81%d8%a9-%d9%81%d9%8a-%d8%af%d9%8a%d8%b1-%d8%ba%d8%a8%d8%a7%d8%b1/
دير غبار,أرضي,270,295000,1093,السوق المفتوح,شقة أرضية فاخرة للبيع في دير غبار - حي السهل  - قرب مدارس القمة 270م مع ترس 50م تشطيب سوبر ديلوكس,
دير غبار,أرضي,200,220000,1100,قوشان,شبه أرضي مع حديقة كبيرة بأجمل مناطق دير غبار,https://qoshan.com/property/%d8%b4%d8%a8%d9%87-%d8%a3%d8%b1%d8%b6%d9%8a-%d9%85%d8%b9-%d8%ad%d8%af%d9%8a%d9%82%d8%a9-%d9%83%d8%a8%d9%8a%d8%b1%d8%a9-%d8%a8%d8%a3%d8%ac%d9%85%d9%84-%d9%85%d9%86%d8%a7%d8%b7%d9%82-%d8%af%d9%8a%d8%b1/
دير غبار,أرضي,188,210000,1117,قوشان,شقة أرضية مع مدخل خاص وتراس أمامي في دير غبار,https://qoshan.com/property/%d8%b4%d9%82%d8%a9-%d8%a3%d8%b1%d8%b6%d9%8a%d8%a9-%d9%85%d8%b9-%d9%85%d8%af%d8%ae%d9%84-%d8%ae%d8%a7%d8%b5-%d9%88%d8%aa%d8%b1%d8%a7%d8%b3-%d8%a3%d9%85%d8%a7%d9%85%d9%8a-%d9%81%d9%8a-%d8%af%d9%8a%d8%b1/
دير غبار,أرضي,250,285000,1140,السوق المفتوح,شقة أرضية جديدة للبيع في أجمل مواقع دير غبار مساحة 250م مع ترس و حديقة 150م تشطيبات ديكورات عصرية,
دير غبار,أرضي,105,122000,1162,السوق المفتوح,شقة أرضية للبيع 105م مع ترس 25م (سكنية - استثمارية) في ديرغبار شارع ال 60 ، مطبخ راكب ، تدفئة غاز,
دير غبار,أرضي,235,285000,1213,السوق المفتوح,شقة أرضية فاخرة للبيع في دير غبار - قرب جونيا 235م مع حديقة وترسات 100م لم تسكن,
دير غبار,أرضي,95,118000,1242,السوق المفتوح,شقة للبيع طابق ارضي 95م مع ترس 50م (سكنية - استثمارية) في ديرغبار شارع ال 60 ، مطبخ راكب ، تدفئة غاز,
دير غبار,أرضي,182,240000,1319,السوق المفتوح,شقة أرضية فاخرة للبيع في دير غبار - قرب جونيا 182م مع ترسات 100م تشطيب سوبر ديلوكس لم تسكن,
دير غبار,أرضي,287,380000,1324,قوشان,شقة أرضية في أجمل مواقع ديرغبار,https://qoshan.com/property/%d8%b4%d9%82%d8%a9-%d8%a3%d8%b1%d8%b6%d9%8a%d8%a9-%d9%81%d9%8a-%d8%a3%d8%ac%d9%85%d9%84-%d9%85%d9%88%d8%a7%d9%82%d8%b9-%d8%af%d9%8a%d8%b1%d8%ba%d8%a8%d8%a7%d8%b1/
دير غبار,أرضي,182,250000,1374,السوق المفتوح,شقة بتطشيبات فخمة طابق ارضي شمال مساحة 182م للبيع في دير غبار,
دير غبار,أرضي,185,265000,1432,السوق المفتوح,شقة شبه ارضي بتشطيبات فندقية مساحة 185م2 مع ترس 130م2 بارقى مناطق دير غبار,
دير غبار,أرضي,200,350000,1750,السوق المفتوح,خلف نقابة المقاولين شقة أرضية 200م في دير غبار / ref 1255,
دير غبار,أرضي,,320000,,قوشان,شقة أرضية مفروشة على مستوى الشارع في دير غبار,https://qoshan.com/property/%d8%b4%d9%82%d8%a9-%d8%a3%d8%b1%d8%b6%d9%8a%d8%a9-%d9%85%d9%81%d8%b1%d9%88%d8%b4%d8%a9-%d8%b9%d9%84%d9%89-%d9%85%d8%b3%d8%aa%d9%88%d9%89-%d8%a7%d9%84%d8%b4%d8%a7%d8%b1%d8%b9-%d9%81%d9%8a-%d8%af%d9%8a/
دير غبار,أرضي,167,,,قوشان,شقق أرضية 3 نوم بتصميم عصري في دير غبار,https://qoshan.com/property/%d8%b4%d9%82%d9%82-%d8%a3%d8%b1%d8%b6%d9%8a%d8%a9-3-%d9%86%d9%88%d9%85-%d8%a8%d8%aa%d8%b5%d9%85%d9%8a%d9%85-%d8%b9%d8%b5%d8%b1%d9%8a-%d9%81%d9%8a-%d8%af%d9%8a%d8%b1-%d8%ba%d8%a8%d8%a7%d8%b1/
دير غبار,أرضي,,210000,,قوشان,شقة طابق ارضي للبيع في ديرغبار مساحتها 180 متر مع حديقة 150 متر,https://qoshan.com/property/%d8%b4%d9%82%d8%a9-%d8%b7%d8%a7%d8%a8%d9%82-%d8%a7%d8%b1%d8%b6%d9%8a-%d9%84%d9%84%d8%a8%d9%8a%d8%b9-%d9%81%d9%8a-%d8%af%d9%8a%d8%b1%d8%ba%d8%a8%d8%a7%d8%b1-%d9%85%d8%b3%d8%a7%d8%ad%d8%aa%d9%87%d8%a7-1/
دير غبار,أرضي+روف,215,200000,930,السوق المفتوح,شقه شبه ارضيه بمدخل مستقل بمساحه 215 م موجود مكرر وارضي وروف بمساحه 230 م ومساحه 190 م استغل الفرصه,
دير غبار,روف,375,210000,560,السوق المفتوح,شقة دوبلكس (أخير مع روف)375م مفروشة في أرقى مناطق دير غبار / ref 2069,
دير غبار,روف,365,300000,822,السوق المفتوح,روف مميز للبيع 365م في أجمل مناطق دير غبار وكردور عبدون / ref 9910,
دير غبار,روف,265,230000,868,قوشان,أخير مع رووف باطلالة دائمة في ديرغبار,https://qoshan.com/property/%d8%a3%d8%ae%d9%8a%d8%b1-%d9%85%d8%b9-%d8%b1%d9%88%d9%88%d9%81-%d8%a8%d8%a7%d8%b7%d9%84%d8%a7%d9%84%d8%a9-%d8%af%d8%a7%d8%a6%d9%85%d8%a9-%d9%81%d9%8a-%d8%af%d9%8a%d8%b1%d8%ba%d8%a8%d8%a7%d8%b1/
دير غبار,روف,190,165000,868,السوق المفتوح,بارقى مناطق عمان الغربيه دير غبار حجار نوابلسه شقه بمساحه 190 م طابق اول او ثاني او ثالث مع روف,
دير غبار,روف,187,166000,888,السوق المفتوح,شقة فاخرة للبيع في دير غبار - حي السهل  - قرب مدارس القمة طابق ثالث مع روف دوبلكس 187م لم تسكن,
دير غبار,روف,180,160000,889,السوق المفتوح,شقة فاخرة للبيع في دير غبار  - خلف زيت وزعتر طابق ثالث 180م مع روف 100م تشطيب سوبر ديلوكس,
دير غبار,روف,205,190000,927,السوق المفتوح,شقه طابق ثالث مع روف بمساحه كليه 205 م بارقى مناطق دير غبار حجار نوابلسه عل شارعين 24 م/12 م,
دير غبار,روف,135,130000,963,السوق المفتوح,شقة مفروشة فاخرة للبيع في دير غبار  - خلف زيت وزعتر طابق ثالث مع روف دوبلكس 135م تشطيب سوبر ديلوكس,
دير غبار,روف,230,225000,978,السوق المفتوح,شقة فاخرة للبيع في دير غبار - حي السهل  - قرب مدارس القمة طابق ثالث مع روف دوبلكس 230م لم تسكن,
دير غبار,روف,275,275000,1000,السوق المفتوح,شقة طابق ثالث مع روف واسع 275م – مشروع هاشم,
دير غبار,روف,190,190000,1000,السوق المفتوح,شقة دوبليكس مع روف مساحة 190م باجمل مناطق دير غبار,
دير غبار,روف,180,198000,1100,قوشان,طابق أخير 180م مع رووف في دير غبار,https://qoshan.com/property/%d8%b7%d8%a7%d8%a8%d9%82-%d8%a3%d8%ae%d9%8a%d8%b1-180%d9%85-%d9%85%d8%b9-%d8%b1%d9%88%d9%88%d9%81-%d9%81%d9%8a-%d8%af%d9%8a%d8%b1-%d8%ba%d8%a8%d8%a7%d8%b1/
دير غبار,روف,380,425000,1118,قوشان,أخير مع رووف في أجمل مواقع دير غبار بإطلالة فخمة,https://qoshan.com/property/%d8%a3%d8%ae%d9%8a%d8%b1-%d9%85%d8%b9-%d8%b1%d9%88%d9%88%d9%81-%d9%81%d9%8a-%d8%a3%d8%ac%d9%85%d9%84-%d9%85%d9%88%d8%a7%d9%82%d8%b9-%d8%af%d9%8a%d8%b1-%d8%ba%d8%a8%d8%a7%d8%b1-%d8%a8%d8%a5%d8%b7%d9%84/
دير غبار,روف,150,170000,1133,قوشان,أخير مع رووف في موقع حيوي في دير غبار,https://qoshan.com/property/%d8%a3%d8%ae%d9%8a%d8%b1-%d9%85%d8%b9-%d8%b1%d9%88%d9%88%d9%81-%d9%81%d9%8a-%d9%85%d9%88%d9%82%d8%b9-%d8%ad%d9%8a%d9%88%d9%8a-%d9%81%d9%8a-%d8%af%d9%8a%d8%b1-%d8%ba%d8%a8%d8%a7%d8%b1/
دير غبار,روف,209,240000,1148,قوشان,طابق أخير 209 م مع رووف بإطلالة فخمة في دير غبار,https://qoshan.com/property/%d8%b7%d8%a7%d8%a8%d9%82-%d8%a3%d8%ae%d9%8a%d8%b1-209-%d9%85-%d9%85%d8%b9-%d8%b1%d9%88%d9%88%d9%81-%d8%a8%d8%a5%d8%b7%d9%84%d8%a7%d9%84%d8%a9-%d9%81%d8%ae%d9%85%d8%a9-%d9%81%d9%8a-%d8%af%d9%8a%d8%b1/
دير غبار,روف,300,390000,1300,السوق المفتوح,شقه دير غبار أبراج العقارية - 300م روف دوبليكس,
دير غبار,روف,235,315000,1340,السوق المفتوح,شقة فاخرة للبيع في دير غبار - قرب جونيا طابق ثالث 235م مع روف 150م لم تسكن,
عبدون,أرضي,150,77000,513,السوق المفتوح,شقة أرضية مفروشة فاخرة للبيع في عبدون الشمالي قرب السفارة اليابانية 150م تشطيب سوبر ديلوكس بسعر مغري,
عبدون,أرضي,210,135000,643,السوق المفتوح,في أرقى مناطق عبدون شقة شبه أرضي مع حديقة 210م  مفروشة  وبسعر مغري / ref 1022,
عبدون,أرضي,200,130000,650,السوق المفتوح,شقة أرضية مفروشة فاخرة للبيع في عبدون  - قرب السفارة البريطانية 200م تشطيب سوبر ديلوكس بسعر مغري,
عبدون,أرضي,200,139000,695,السوق المفتوح,في أرقى مناطق عبدون شقة مفروشة أرضي معلق 200م بسعر مميز وتشطيبات راقيه/ ref 9557,
عبدون,أرضي,230,180000,783,السوق المفتوح,شقة أرضية جديدة للبيع عبدون مساحات 230م مع تراسات و حدائق تشطيبات ديكورات سوبر ديلوكس بأسعار مميزة,
عبدون,أرضي,288,230000,799,قوشان,شقة أرضية 288م بموقع مميز في عبدون,https://qoshan.com/property/%d8%b4%d9%82%d8%a9-%d8%a3%d8%b1%d8%b6%d9%8a%d8%a9-288%d9%85-%d8%a8%d9%85%d9%88%d9%82%d8%b9-%d9%85%d9%85%d9%8a%d8%b2-%d9%81%d9%8a-%d8%b9%d8%a8%d8%af%d9%88%d9%86/
عبدون,أرضي,198,160000,808,قوشان,شقة أرضية مع حديقة في عبدون,https://qoshan.com/property/%d8%b4%d9%82%d8%a9-%d8%a3%d8%b1%d8%b6%d9%8a%d8%a9-%d9%85%d8%b9-%d8%ad%d8%af%d9%8a%d9%82%d8%a9-%d9%81%d9%8a-%d8%b9%d8%a8%d8%af%d9%88%d9%86/
عبدون,أرضي,455,400000,879,السوق المفتوح,تملك عقار مميز شقة أرضي معلق 455م بتشطيبات مميزة في أجمل مناطق عبدون / ref 9399,
عبدون,أرضي,320,290000,906,قوشان,أرضية طابقية مع حديقة كبيرة في عبدون,https://qoshan.com/property/%d8%a3%d8%b1%d8%b6%d9%8a%d8%a9-%d8%b7%d8%a7%d8%a8%d9%82%d9%8a%d8%a9-%d9%85%d8%b9-%d8%ad%d8%af%d9%8a%d9%82%d8%a9-%d9%83%d8%a8%d9%8a%d8%b1%d8%a9-%d9%81%d9%8a-%d8%b9%d8%a8%d8%af%d9%88%d9%86/
عبدون,أرضي,115,105000,913,السوق المفتوح,شقة مفروشة فاخرة للبيع في عبدون  - قرب إشارة السفارة الأمريكية طابق ارضي 115م تشطيب سوبر ديلوكس,
عبدون,أرضي,325,300000,923,قوشان,شقة أرضية 205م مع بركة سباحة في عبدون,https://qoshan.com/property/%d8%b4%d9%82%d8%a9-%d8%a3%d8%b1%d8%b6%d9%8a%d8%a9-205%d9%85-%d9%85%d8%b9-%d8%a8%d8%b1%d9%83%d8%a9-%d8%b3%d8%a8%d8%a7%d8%ad%d8%a9-%d9%81%d9%8a-%d8%b9%d8%a8%d8%af%d9%88%d9%86/
عبدون,أرضي,222,220000,991,قوشان,شقة أرضي معلق 3 نوم بتشطيبات مميزة في عبدون,https://qoshan.com/property/%d8%b4%d9%82%d8%a9-%d8%a3%d8%b1%d8%b6%d9%8a-%d9%85%d8%b9%d9%84%d9%82-3-%d9%86%d9%88%d9%85-%d8%a8%d8%aa%d8%b4%d8%b7%d9%8a%d8%a8%d8%a7%d8%aa-%d9%85%d9%85%d9%8a%d8%b2%d8%a9-%d9%81%d9%8a-%d8%b9%d8%a8/
عبدون,أرضي,352,355000,1009,السوق المفتوح,عقار يستحق المشاهده شقة دوبلكس (أرضيه) 352م مع حديقة 400م بسعر مميز في عبدون/ ref 9572,
عبدون,أرضي,306,310000,1013,السوق المفتوح,شقة أرضية مميزه 306م في أجمل مناطق عبدون / ref 1032,
عبدون,أرضي,200,205000,1025,السوق المفتوح,بالقرب من السفارة الهولندية شقة مفروشة شبه أرضي 200م بسعر مميز / ref 1219,
عبدون,أرضي,300,325000,1083,السوق المفتوح,شقة شبه أرضي جديدة للبيع في أجمل مواقع عبدون مساحة 300م مع ترس و حديقة 200م تشطيبات عصرية فاخرة,
عبدون,أرضي,100,110000,1100,قوشان,شقة أرضية 100 متر مفروشة في عبدون,https://qoshan.com/property/%d8%b4%d9%82%d8%a9-%d8%a3%d8%b1%d8%b6%d9%8a%d8%a9-100-%d9%85%d8%aa%d8%b1-%d9%85%d9%81%d8%b1%d9%88%d8%b4%d8%a9-%d9%81%d9%8a-%d8%b9%d8%a8%d8%af%d9%88%d9%86/
عبدون,أرضي,210,231000,1100,السوق المفتوح,في موقع راقي ومميز شقة أرضية 210م بمواصفات عالية وراقية جدا في أرقى مناطق عبدون / ref 9755,
عبدون,أرضي,400,440000,1100,السوق المفتوح,بالقرب من السفارة الامريكيه شقة أرضية 400م بتشطيبات راقية في أجمل مناطق عبدون /ref 1164,
عبدون,أرضي,310,345000,1113,قوشان,شقة أرضية 310م مع مدخل و كراج مستقل في عبدون,https://qoshan.com/property/%d8%b4%d9%82%d8%a9-%d8%a3%d8%b1%d8%b6%d9%8a%d8%a9-310%d9%85-%d9%85%d8%b9-%d9%85%d8%af%d8%ae%d9%84-%d9%88-%d9%83%d8%b1%d8%a7%d8%ac-%d9%85%d8%b3%d8%aa%d9%82%d9%84-%d9%81%d9%8a-%d8%b9%d8%a8%d8%af%d9%88/
عبدون,أرضي,146,165000,1130,قوشان,شقة أرضية استثمارية بموقع ممتاز في عبدون,https://qoshan.com/property/%d8%b4%d9%82%d8%a9-%d8%a3%d8%b1%d8%b6%d9%8a%d8%a9-%d8%a7%d8%b3%d8%aa%d8%ab%d9%85%d8%a7%d8%b1%d9%8a%d8%a9-%d8%a8%d9%85%d9%88%d9%82%d8%b9-%d9%85%d9%85%d8%aa%d8%a7%d8%b2-%d9%81%d9%8a-%d8%b9%d8%a8%d8%af/
عبدون,أرضي,290,330000,1138,السوق المفتوح,في عبدون بالقرب من تاج مول و السفارة السوريه شقة شبه أرضي 290م مميزة / ref 1225,
عبدون,أرضي,395,450000,1139,قوشان,شقة أرضية دوبلكس مع حديقة كبيرة في عبدون,https://qoshan.com/property/%d8%b4%d9%82%d8%a9-%d8%a3%d8%b1%d8%b6%d9%8a%d8%a9-%d8%af%d9%88%d8%a8%d9%84%d9%83%d8%b3-%d9%85%d8%b9-%d8%ad%d8%af%d9%8a%d9%82%d8%a9-%d9%83%d8%a8%d9%8a%d8%b1%d8%a9-%d9%81%d9%8a-%d8%b9%d8%a8%d8%af%d9%88/
عبدون,أرضي,156,179000,1147,قوشان,شقة أرضية مميزة مع حديقة في عبدون,https://qoshan.com/property/%d8%b4%d9%82%d8%a9-%d8%a3%d8%b1%d8%b6%d9%8a%d8%a9-%d9%85%d9%85%d9%8a%d8%b2%d8%a9-%d9%85%d8%b9-%d8%ad%d8%af%d9%8a%d9%82%d8%a9-%d9%81%d9%8a-%d8%b9%d8%a8%d8%af%d9%88%d9%86/
عبدون,أرضي,300,345000,1150,السوق المفتوح,شبه أرضي بتشطيب فلل في أجمل مناطق عبدون بمساحة داخلية 300م وخارجي 250م بسعر مغري,
عبدون,أرضي,240,280000,1167,السوق المفتوح,في عبدون خلف السفارة البريطانية شقة أرضية 240م بسعر مميز / ref 1185,
عبدون,أرضي,295,350000,1186,قوشان,شقة أرضية 295م مع حديقة كبيرة في عبدون,https://qoshan.com/property/%d8%b4%d9%82%d8%a9-%d8%a3%d8%b1%d8%b6%d9%8a%d8%a9-295%d9%85-%d9%85%d8%b9-%d8%ad%d8%af%d9%8a%d9%82%d8%a9-%d9%83%d8%a8%d9%8a%d8%b1%d8%a9-%d9%81%d9%8a-%d8%b9%d8%a8%d8%af%d9%88%d9%86/
عبدون,أرضي,400,480000,1200,قوشان,شقة أرضية دوبلكس مع 300 متر ترسات وحدائق في عبدون,https://qoshan.com/property/%d8%b4%d9%82%d8%a9-%d8%a3%d8%b1%d8%b6%d9%8a%d8%a9-%d8%af%d9%88%d8%a8%d9%84%d9%83%d8%b3-%d9%85%d8%b9-300-%d9%85%d8%aa%d8%b1-%d8%aa%d8%b1%d8%b3%d8%a7%d8%aa-%d9%88%d8%ad%d8%af%d8%a7%d8%a6%d9%82-%d9%81/
عبدون,أرضي,560,675000,1205,قوشان,شقق أرضية مع حديقة وبركة سباحة في عبدون,https://qoshan.com/property/%d8%b4%d9%82%d9%82-%d8%a3%d8%b1%d8%b6%d9%8a%d8%a9-%d9%85%d8%b9-%d8%ad%d8%af%d9%8a%d9%82%d8%a9-%d9%88%d8%a8%d8%b1%d9%83%d8%a9-%d8%b3%d8%a8%d8%a7%d8%ad%d8%a9-%d9%81%d9%8a-%d8%b9%d8%a8%d8%af%d9%88%d9%86/
عبدون,أرضي,310,375000,1210,قوشان,شقة أرضية دوبلكس في أرقى مناطق عبدون,https://qoshan.com/property/%d8%b4%d9%82%d8%a9-%d8%a3%d8%b1%d8%b6%d9%8a%d8%a9-%d8%af%d9%88%d8%a8%d9%84%d9%83%d8%b3-%d9%81%d9%8a-%d8%a3%d8%b1%d9%82%d9%89-%d9%85%d9%86%d8%a7%d8%b7%d9%82-%d8%b9%d8%a8%d8%af%d9%88%d9%86/
عبدون,أرضي,320,390000,1219,قوشان,شقة أرضية على مستوى الشارع 320م مع حديقة 250م,https://qoshan.com/property/%d8%b4%d9%82%d8%a9-%d8%a3%d8%b1%d8%b6%d9%8a%d8%a9-%d8%b9%d9%84%d9%89-%d9%85%d8%b3%d8%aa%d9%88%d9%89-%d8%a7%d9%84%d8%b4%d8%a7%d8%b1%d8%b9-320%d9%85-%d9%85%d8%b9-%d8%ad%d8%af%d9%8a%d9%82%d8%a9-250%d9%85/
عبدون,أرضي,450,550000,1222,قوشان,شقة طابقية أرضية 450متر مع حديقة كبيرة في عبدون,https://qoshan.com/property/%d8%b4%d9%82%d8%a9-%d8%a3%d8%b1%d8%b6%d9%8a%d8%a9-450-%d9%85%d8%aa%d8%b1-%d8%a8%d8%aa%d8%b4%d8%b7%d9%8a%d8%a8%d8%a7%d8%aa-%d9%85%d9%85%d9%8a%d8%b2%d8%a9-%d9%81%d9%8a-%d8%b9%d8%a8%d8%af%d9%88%d9%86/
عبدون,أرضي,240,300000,1250,السوق المفتوح,في عبدون وبالقرب من السفارة الامريكيه شقة شبه ارضي 240م تحت الإنشاء / ref 1363,
عبدون,أرضي,260,330000,1269,السوق المفتوح,شقة أرضية مميزة للبيع في عبدون الشمالي  - قرب السفارة الهولندية 260م حديقة وترسات 150م,
عبدون,أرضي,133,170000,1278,السوق المفتوح,شقة تصلح للإستثمار طابق ارضي 133م بالقرب من السفارة البريطانية في عبدون / ref 1371,
عبدون,أرضي,125,160000,1280,السوق المفتوح,بالقرب من السفارة الامريكيه شقه شبه أرضي 125م في أجمل مناطق عبدون /ref 1361,
عبدون,أرضي,255,340000,1333,قوشان,شقة أرضية 3 غرف نوم بأجمل مناطق عبدون,https://qoshan.com/property/%d8%b4%d9%82%d8%a9-%d8%a3%d8%b1%d8%b6%d9%8a%d8%a9-3-%d8%ba%d8%b1%d9%81-%d9%86%d9%88%d9%85-%d8%a8%d8%a3%d8%ac%d9%85%d9%84-%d9%85%d9%86%d8%a7%d8%b7%d9%82-%d8%b9%d8%a8%d8%af%d9%88%d9%86/
عبدون,أرضي,403,545000,1352,قوشان,شقة أرضية دوبلكس في أجمل مواقع عبدون,https://qoshan.com/property/%d8%b4%d9%82%d8%a9-%d8%a3%d8%b1%d8%b6%d9%8a%d8%a9-%d8%af%d9%88%d8%a8%d9%84%d9%83%d8%b3-%d9%81%d9%8a-%d8%a3%d8%ac%d9%85%d9%84-%d9%85%d9%88%d8%a7%d9%82%d8%b9-%d8%b9%d8%a8%d8%af%d9%88%d9%86/
عبدون,أرضي,275,375000,1364,قوشان,شقة طابقية شبه أرضية مع حديقة مميزة في عبدون,https://qoshan.com/property/%d8%b4%d9%82%d8%a9-%d8%b7%d8%a7%d8%a8%d9%82%d9%8a%d8%a9-%d8%b4%d8%a8%d9%87-%d8%a3%d8%b1%d8%b6%d9%8a%d8%a9-%d9%85%d8%b9-%d8%ad%d8%af%d9%8a%d9%82%d8%a9-%d9%85%d9%85%d9%8a%d8%b2%d8%a9-%d9%81%d9%8a-%d8%b9/
عبدون,أرضي,262,360000,1374,قوشان,شقة أرضية 3 نوم ماستر في أفضل مواقع عبدون,https://qoshan.com/property/%d8%b4%d9%82%d8%a9-%d8%a3%d8%b1%d8%b6%d9%8a%d8%a9-3-%d9%86%d9%88%d9%85-%d9%85%d8%a7%d8%b3%d8%aa%d8%b1-%d9%81%d9%8a-%d8%a3%d9%81%d8%b6%d9%84-%d9%85%d9%88%d8%a7%d9%82%d8%b9-%d8%b9%d8%a8%d8%af%d9%88/
عبدون,أرضي,210,290000,1381,السوق المفتوح,بالقرب من السفارة السعودية شقةأرضية 210م في عبدون بسعر مغري / ref 1059,
عبدون,أرضي,280,400000,1429,السوق المفتوح,بالقرب من السفارة البريطانية شقة أرضية مفروشة جزئي 280م بسعر مميز / ref 1187,
عبدون,أرضي,310,450000,1452,قوشان,شقة أرضية 310م مع حديقة في عبدون الشمالي,https://qoshan.com/property/%d8%b4%d9%82%d8%a9-%d8%a3%d8%b1%d8%b6%d9%8a%d8%a9-310%d9%85-%d9%85%d8%b9-%d8%ad%d8%af%d9%8a%d9%82%d8%a9-%d9%81%d9%8a-%d8%b9%d8%a8%d8%af%d9%88%d9%86-%d8%a7%d9%84%d8%b4%d9%85%d8%a7%d9%84%d9%8a/
عبدون,أرضي,235,350000,1489,قوشان,شقة أرضية 235م مع كراج و مدخل مستقل في عبدون,https://qoshan.com/property/%d8%b4%d9%82%d8%a9-%d8%a3%d8%b1%d8%b6%d9%8a%d8%a9-235%d9%85-%d9%85%d8%b9-%d9%83%d8%b1%d8%a7%d8%ac-%d9%88-%d9%85%d8%af%d8%ae%d9%84-%d9%85%d8%b3%d8%aa%d9%82%d9%84-%d9%81%d9%8a-%d8%b9%d8%a8%d8%af%d9%88/
عبدون,أرضي,275,430000,1564,قوشان,شقة أرضية 4نوم بأجمل مواقع عبدون,https://qoshan.com/property/%d8%b4%d9%82%d8%a9-%d8%a3%d8%b1%d8%b6%d9%8a%d8%a9-4%d9%86%d9%88%d9%85-%d8%a8%d8%a3%d8%ac%d9%85%d9%84-%d9%85%d9%88%d8%a7%d9%82%d8%b9-%d8%b9%d8%a8%d8%af%d9%88%d9%86/
عبدون,أرضي,355,580000,1634,السوق المفتوح,شقه أبراج عبدون الطابقية الفاخره بمساحة 355م/شبه أرضي مع ترسات خارجية و مسبح (230 متر),
عبدون,أرضي,230,380000,1652,السوق المفتوح,شقة أرضية مميزة 230م داخلي / 50م خارجي في أجمل مناطق عبدون/ ref 4081,
عبدون,أرضي,,,,قوشان,شقق أرضية 2 و 3 نوم مع حديقة في أرقى أحياء عبدون,https://qoshan.com/property/%d8%b4%d9%82%d9%82-%d8%a3%d8%b1%d8%b6%d9%8a%d8%a9-2-%d9%88-3-%d9%86%d9%88%d9%85-%d9%85%d8%b9-%d8%ad%d8%af%d9%8a%d9%82%d8%a9-%d9%81%d9%8a-%d8%a3%d8%b1%d9%82%d9%89-%d8%a3%d8%ad%d9%8a%d8%a7%d8%a1-%d8%b9/
عبدون,أرضي,200,,,قوشان,شقق أرضية مع حدائق واسعة بأجمل مواقع عبدون,https://qoshan.com/property/%d8%b4%d9%82%d9%82-%d8%a3%d8%b1%d8%b6%d9%8a%d8%a9-%d9%85%d8%b9-%d8%ad%d8%af%d8%a7%d8%a6%d9%82-%d9%88%d8%a7%d8%b3%d8%b9%d8%a9-%d8%a8%d8%a3%d8%ac%d9%85%d9%84-%d9%85%d9%88%d8%a7%d9%82%d8%b9-%d8%b9%d8%a8/
عبدون,أرضي,,135000,,قوشان,شقة أرضية 90م مع تراسات واسعة في عبدون,https://qoshan.com/property/%d8%b4%d9%82%d8%a9-%d8%a3%d8%b1%d8%b6%d9%8a%d8%a9-90%d9%85-%d9%85%d8%b9-%d8%aa%d8%b1%d8%a7%d8%b3%d8%a7%d8%aa-%d9%88%d8%a7%d8%b3%d8%b9%d8%a9-%d9%81%d9%8a-%d8%b9%d8%a8%d8%af%d9%88%d9%86/
عبدون,أرضي,,270000,,قوشان,شقة أرضية 200م بتشطيبات مميزة في عبدون,https://qoshan.com/property/%d8%b4%d9%82%d8%a9-%d8%a3%d8%b1%d8%b6%d9%8a%d8%a9-200%d9%85-%d8%a8%d8%aa%d8%b4%d8%b7%d9%8a%d8%a8%d8%a7%d8%aa-%d9%85%d9%85%d9%8a%d8%b2%d8%a9-%d9%81%d9%8a-%d8%b9%d8%a8%d8%af%d9%88%d9%86/
عبدون,أرضي,,270000,,قوشان,شقة أرضية مع كراجين بمساحة 200م,https://qoshan.com/property/%d8%b4%d9%82%d8%a9-%d8%a3%d8%b1%d8%b6%d9%8a%d8%a9-%d9%85%d8%b9-%d9%83%d8%b1%d8%a7%d8%ac%d9%8a%d9%86-%d8%a8%d9%85%d8%b3%d8%a7%d8%ad%d8%a9-200%d9%85/
عبدون,روف,362,235000,649,قوشان,رووف طابقي 3 نوم بأجمل اطلالة في عبدون,https://qoshan.com/property/%d8%b1%d9%88%d9%88%d9%81-%d8%b7%d8%a7%d8%a8%d9%82%d9%8a-3-%d9%86%d9%88%d9%85-%d8%a8%d8%a3%d8%ac%d9%85%d9%84-%d8%a7%d8%b7%d9%84%d8%a7%d9%84%d8%a9-%d9%81%d9%8a-%d8%b9%d8%a8%d8%af%d9%88%d9%86/
عبدون,روف,175,120000,686,السوق المفتوح,شقة مفروشة فاخرة للبيع في عبدون  -  قرب إشارة الملكية الأردنية طابق ثالث 175م مع روف 85م بسعر مغري,
عبدون,روف,280,200000,714,قوشان,رووف دوبلكس بأعلى التشطيبات في عبدون,https://qoshan.com/property/%d8%b1%d9%88%d9%88%d9%81-%d8%af%d9%88%d8%a8%d9%84%d9%83%d8%b3-%d8%a8%d8%a3%d8%b9%d9%84%d9%89-%d8%a7%d9%84%d8%aa%d8%b4%d8%b7%d9%8a%d8%a8%d8%a7%d8%aa-%d9%81%d9%8a-%d8%b9%d8%a8%d8%af%d9%88%d9%86/
عبدون,روف,320,230000,719,السوق المفتوح,شقة اخير مع روف للبيع في كوريدور عبدون مساحة 320م2,
عبدون,روف,222,160000,721,السوق المفتوح,شقه مفروشه للبيع روف222م عبدون,
عبدون,روف,318,235000,739,السوق المفتوح,روف طابقي فاخر للبيع في عبدون الشمالي  - قرب السفارة الأندونيسية 318م تشطيب سوبر ديلوكس بسعر مغري,
عبدون,روف,318,245000,770,قوشان,روف 318م في احياء عبدون الشمالي,https://qoshan.com/property/%d8%b1%d9%88%d9%81-318%d9%85-%d9%81%d9%8a-%d8%a7%d8%ad%d9%8a%d8%a7%d8%a1-%d8%b9%d8%a8%d8%af%d9%88%d9%86-%d8%a7%d9%84%d8%b4%d9%85%d8%a7%d9%84%d9%8a/
عبدون,روف,263,209000,795,السوق المفتوح,شقة فاخرة للبيع في عبدون الشمالي قرب السفارة الهولندية طابق ثاني مع روف دوبلكس263م تشطيب سوبر ديلوكس,
عبدون,روف,430,350000,814,السوق المفتوح,رووف طابقي مميز للبيع عبدون مساحة 430م مع تراسات تشطيبات فاخرة منطقة فلل اطلالة رائعة جديد لم يسكن,
عبدون,روف,500,430000,860,السوق المفتوح,في عبدون الجنوبي روف مميز 500م داخلي وخارجي بتشطيبات راقية وأطلاله خلابه / ref 1101,
عبدون,روف,285,250000,877,السوق المفتوح,في أجمل مناطق عبدون شقة طابق أخير مع روف 285م بتشطيبات مميزة/ ref 9039,
عبدون,روف,400,400000,1000,قوشان,رووف 400م في أجمل مواقع عبدون,https://qoshan.com/property/%d8%b1%d9%88%d9%88%d9%81-400%d9%85-%d9%81%d9%8a-%d8%a3%d8%ac%d9%85%d9%84-%d9%85%d9%88%d8%a7%d9%82%d8%b9-%d8%b9%d8%a8%d8%af%d9%88%d9%86/
عبدون,روف,180,180000,1000,السوق المفتوح,في أجمل مناطق عبدون الشمالي شقة أخير مع روف 180م مفروشة جزئي للبيع بسعر مميز / ref 1193,
عبدون,روف,130,135000,1038,السوق المفتوح,فرصة استثمارية سكنية بالقرب من السفارة البريطانية في عبدون شقه اخير مع روف 130م مفروشة  بسعر مميز /,
عبدون,روف,300,320000,1067,قوشان,رووف 300م بأعلى المواصفات وبأرقى أحياء عبدون,https://qoshan.com/property/%d8%b1%d9%88%d9%88%d9%81-300%d9%85-%d8%a8%d8%a3%d8%b9%d9%84%d9%89-%d8%a7%d9%84%d9%85%d9%88%d8%a7%d8%b5%d9%81%d8%a7%d8%aa-%d9%88%d8%a8%d8%a3%d8%b1%d9%82%d9%89-%d8%a3%d8%ad%d9%8a%d8%a7%d8%a1-%d8%b9/
عبدون,روف,450,480000,1067,السوق المفتوح,بالقرب من دوار الاسره في عبدون شقة مميزة أخير مع روف 450م بسعر مميز / ref 1165,
عبدون,روف,334,385000,1153,قوشان,شقة دوبلكس مميزة مع رووف  في عبدون,https://qoshan.com/property/%d8%b4%d9%82%d8%a9-%d8%af%d9%88%d8%a8%d9%84%d9%83%d8%b3-%d9%85%d9%85%d9%8a%d8%b2%d8%a9-%d9%85%d8%b9-%d8%b1%d9%88%d9%88%d9%81-%d9%81%d9%8a-%d8%b9%d8%a8%d8%af%d9%88%d9%86/
عبدون,روف,500,595000,1190,قوشان,رووف بأعلى المواصفات واطلالة مميزة في عبدون,https://qoshan.com/property/%d8%b1%d9%88%d9%88%d9%81-%d8%a8%d8%a3%d8%b9%d9%84%d9%89-%d8%a7%d9%84%d9%85%d9%88%d8%a7%d8%b5%d9%81%d8%a7%d8%aa-%d9%88%d8%a7%d8%b7%d9%84%d8%a7%d9%84%d8%a9-%d9%85%d9%85%d9%8a%d8%b2%d8%a9-%d9%81%d9%8a/
عبدون,روف,360,440000,1222,السوق المفتوح,في عبدون الشمالي شقة اخير مع روف 360م بتشطيبات راقية واطلاله مميزة/ ref 1197,
عبدون,روف,104,145000,1394,قوشان,رووف إستثماري مميز في عبدون,https://qoshan.com/property/%d8%b1%d9%88%d9%88%d9%81-%d8%a5%d8%b3%d8%aa%d8%ab%d9%85%d8%a7%d8%b1%d9%8a-%d9%85%d9%85%d9%8a%d8%b2-%d9%81%d9%8a-%d8%b9%d8%a8%d8%af%d9%88%d9%86/
عبدون,روف,350,490000,1400,قوشان,أخير مع رووف 350م دوبلكس في عبدون,https://qoshan.com/property/%d8%a3%d8%ae%d9%8a%d8%b1-%d9%85%d8%b9-%d8%b1%d9%88%d9%88%d9%81-350%d9%85-%d8%af%d9%88%d8%a8%d9%84%d9%83%d8%b3-%d9%81%d9%8a-%d8%b9%d8%a8%d8%af%d9%88%d9%86/
عبدون,روف,300,450000,1500,قوشان,رووف بإطلالة فخمة ومساحات مميزة في عبدون,https://qoshan.com/property/%d8%b1%d9%88%d9%88%d9%81-%d8%a8%d8%a5%d8%b7%d9%84%d8%a7%d9%84%d8%a9-%d9%81%d8%ae%d9%85%d8%a9-%d9%88%d9%85%d8%b3%d8%a7%d8%ad%d8%a7%d8%aa-%d9%85%d9%85%d9%8a%d8%b2%d8%a9-%d9%81%d9%8a-%d8%b9%d8%a8%d8%af/
عبدون,روف,265,675000,2547,السوق المفتوح,شقه أبراج عبدون الطابقية الفاخره/ روف بمساحة 265 متر مع ترسات خارجيه 310 متر,
عبدون,روف,254,,,قوشان,أخير مع رووف دوبلكس بأرقى مواقع عبدون,https://qoshan.com/property/%d8%a3%d8%ae%d9%8a%d8%b1-%d9%85%d8%b9-%d8%b1%d9%88%d9%88%d9%81-%d8%af%d9%88%d8%a8%d9%84%d9%83%d8%b3-%d8%a8%d8%a3%d8%b1%d9%82%d9%89-%d9%85%d9%88%d8%a7%d9%82%d8%b9-%d8%b9%d8%a8%d8%af%d9%88%d9%86/
عبدون,روف,,430000,,قوشان,اخير مع رووف بتشطيبات فخمة 275م في عبدون,https://qoshan.com/property/%d8%a7%d8%ae%d9%8a%d8%b1-%d9%85%d8%b9-%d8%b1%d9%88%d9%88%d9%81-%d8%a8%d8%aa%d8%b4%d8%b7%d9%8a%d8%a8%d8%a7%d8%aa-%d9%81%d8%ae%d9%85%d8%a9-275%d9%85-%d9%81%d9%8a-%d8%b9%d8%a8%d8%af%d9%88%d9%86/
