area,source,size_m2,price_jod,price_per_m2
عبدون,qoshan,350,490000,1400
عبدون,qoshan,310,450000,1452
عبدون,qoshan,425,640000,1506
عبدون,qoshan,165,225000,1364
عبدون,qoshan,250,430000,1720
عبدون,qoshan,220,280000,1273
عبدون,qoshan,79,89000,1127
عبدون,qoshan,268,230000,858
عبدون,qoshan,315,550000,1746
عبدون,qoshan,217,315000,1452
عبدون,qoshan,230,450000,1957
عبدون,qoshan,281,270000,961
عبدون,qoshan,156,179000,1147
عبدون,qoshan,362,235000,649
عبدون,qoshan,104,145000,1394
عبدون,qoshan,280,200000,714
عبدون,qoshan,318,245000,770
عبدون,qoshan,235,350000,1489
عبدون,qoshan,320,400000,1250
عبدون,qoshan,365,445000,1219
عبدون,qoshan,235,315000,1340
عبدون,qoshan,262,360000,1374
عبدون,qoshan,370,500000,1351
عبدون,qoshan,300,320000,1067
عبدون,qoshan,310,345000,1113
عبدون,qoshan,205,300000,1463
عبدون,qoshan,455,400000,879
عبدون,qoshan,275,390000,1418
عبدون,qoshan,320,290000,906
عبدون,qoshan,141,162000,1149
عبدون,qoshan,120,150000,1250
عبدون,qoshan,198,160000,808
عبدون,qoshan,281,265000,943
عبدون,qoshan,500,795000,1590
عبدون,qoshan,255,340000,1333
عبدون,qoshan,300,295000,983
عبدون,qoshan,146,165000,1130
عبدون,qoshan,470,620000,1319
عبدون,qoshan,288,230000,799
عبدون,qoshan,410,360000,878
عبدون,qoshan,275,430000,1564
عبدون,qoshan,220,170000,773
عبدون,qoshan,403,545000,1352
عبدون,qoshan,560,675000,1205
عبدون,qoshan,367,340000,926
عبدون,qoshan,100,93000,930
عبدون,qoshan,275,275000,1000
عبدون,qoshan,295,350000,1186
عبدون,qoshan,395,450000,1139
عبدون,qoshan,350,420000,1200
عبدون,qoshan,400,480000,1200
عبدون,qoshan,500,595000,1190
عبدون,qoshan,450,550000,1222
عبدون,qoshan,310,375000,1210
عبدون,qoshan,180,450000,2500
عبدون,qoshan,334,385000,1153
عبدون,qoshan,275,375000,1364
عبدون,qoshan,320,390000,1219
عبدون,qoshan,430,500000,1163
عبدون,qoshan,222,220000,991
عبدون,qoshan,100,110000,1100
عبدون,qoshan,400,400000,1000
عبدون,qoshan,300,450000,1500
عبدون,qoshan,361,295000,817
عبدون,opensooq,173,158000,913
عبدون,opensooq,230,260000,1130
عبدون,opensooq,150,77000,513
عبدون,opensooq,200,130000,650
عبدون,opensooq,320,230000,719
عبدون,opensooq,110,80000,727
عبدون,opensooq,263,209000,795
عبدون,opensooq,450,320000,711
عبدون,opensooq,250,340000,1360
عبدون,opensooq,200,125000,625
عبدون,opensooq,225,235000,1044
عبدون,opensooq,300,325000,1083
عبدون,opensooq,150,158000,1053
عبدون,opensooq,230,180000,783
عبدون,opensooq,120,89000,742
عبدون,opensooq,356,280000,787
عبدون,opensooq,115,105000,913
عبدون,opensooq,112,115000,1027
عبدون,opensooq,260,250000,962
عبدون,opensooq,190,205000,1079
عبدون,opensooq,430,350000,814
عبدون,opensooq,230,165000,717
عبدون,opensooq,230,190000,826
عبدون,opensooq,222,160000,721
عبدون,opensooq,230,250000,1087
عبدون,opensooq,185,200000,1081
عبدون,opensooq,260,330000,1269
عبدون,opensooq,155,200000,1290
عبدون,opensooq,318,235000,739
عبدون,opensooq,175,120000,686
عبدون,opensooq,133,170000,1278
عبدون,opensooq,350,250000,714
عبدون,opensooq,300,345000,1150
عبدون,opensooq,290,330000,1138
عبدون,opensooq,350,250000,714
عبدون,opensooq,260,118000,454
عبدون,opensooq,230,380000,1652
عبدون,opensooq,200,205000,1025
عبدون,opensooq,285,250000,877
عبدون,opensooq,112,125000,1116
عبدون,opensooq,210,135000,643
عبدون,opensooq,306,310000,1013
عبدون,opensooq,130,135000,1038
عبدون,opensooq,360,440000,1222
عبدون,opensooq,100,125000,1250
عبدون,opensooq,180,180000,1000
عبدون,opensooq,182,200000,1099
عبدون,opensooq,210,290000,1381
عبدون,opensooq,455,400000,879
عبدون,opensooq,300,345000,1150
عبدون,opensooq,125,160000,1280
عبدون,opensooq,240,300000,1250
عبدون,opensooq,210,231000,1100
عبدون,opensooq,450,480000,1067
عبدون,opensooq,240,280000,1167
عبدون,opensooq,352,355000,1009
عبدون,opensooq,200,139000,695
عبدون,opensooq,280,400000,1429
عبدون,opensooq,150,127000,847
عبدون,opensooq,400,440000,1100
عبدون,opensooq,500,430000,860
عبدون,opensooq,220,125000,568
عبدون,opensooq,355,580000,1634
عبدون,opensooq,265,675000,2547
عبدون,opensooq,355,480000,1352
عبدون,opensooq,225,320000,1422
عبدون,opensooq,300,550000,1833
عبدون,opensooq,150,135000,900
عبدون,opensooq,250,320000,1280
عبدون,opensooq,250,370000,1480
دابوق,qoshan,290,345000,1190
دابوق,qoshan,230,269000,1170
دابوق,qoshan,200,205000,1025
دابوق,qoshan,389,410000,1054
دابوق,qoshan,245,300000,1224
دابوق,qoshan,330,395000,1197
دابوق,qoshan,430,450000,1047
دابوق,qoshan,410,350000,854
دابوق,qoshan,430,350000,814
دابوق,qoshan,340,275000,809
دابوق,qoshan,200,310000,1550
دابوق,qoshan,235,330000,1404
دابوق,qoshan,205,325000,1585
دابوق,qoshan,420,400000,952
دابوق,qoshan,200,160000,800
دابوق,qoshan,195,205000,1051
دابوق,qoshan,167,163000,976
دابوق,qoshan,315,295000,937
دابوق,qoshan,260,295000,1135
دابوق,qoshan,200,190000,950
دابوق,qoshan,340,270000,794
دابوق,qoshan,270,210000,778
دابوق,qoshan,429,410000,956
دابوق,qoshan,184,180000,978
دابوق,qoshan,200,150000,750
دابوق,qoshan,328,360000,1098
دابوق,qoshan,270,245000,907
دابوق,qoshan,160,225000,1406
دابوق,qoshan,250,185000,740
دابوق,qoshan,331,265000,801
دابوق,qoshan,163,170000,1043
دابوق,qoshan,160,160000,1000
دابوق,qoshan,190,160000,842
دابوق,qoshan,170,285000,1676
دابوق,qoshan,345,465000,1348
دابوق,qoshan,310,445000,1435
دابوق,qoshan,186,150000,806
دابوق,bayut,500,170000,340
دابوق,bayut,275,275000,1000
دابوق,bayut,160,220000,1375
دابوق,bayut,165,220000,1333
دابوق,bayut,165,195000,1182
دابوق,bayut,165,240000,1455
دابوق,bayut,250,315000,1260
دابوق,bayut,290,360000,1241
دابوق,bayut,230,275000,1196
دابوق,bayut,550,550000,1000
دابوق,bayut,186,165000,887
دابوق,bayut,280,315000,1125
دابوق,bayut,195,125000,641
دابوق,bayut,175,130000,743
دابوق,bayut,560,550000,982
دابوق,bayut,250,350000,1400
دابوق,bayut,250,350000,1400
دابوق,bayut,250,350000,1400
دابوق,bayut,215,300000,1395
دابوق,bayut,425,325000,765
دابوق,bayut,195,205000,1051
دابوق,bayut,225,230000,1022
دابوق,bayut,250,230000,920
دابوق,bayut,475,350000,737
دابوق,bayut,180,225000,1250
دابوق,bayut,240,310000,1292
دابوق,bayut,300,280000,933
دابوق,bayut,380,380000,1000
دابوق,bayut,364,435000,1195
دابوق,bayut,200,165000,825
دابوق,bayut,190,155000,816
دابوق,bayut,350,465000,1329
دابوق,bayut,420,675000,1607
دابوق,bayut,642,530000,826
دابوق,bayut,367,360000,981
دابوق,bayut,366,325000,888
دابوق,bayut,344,320000,930
دابوق,bayut,195,270000,1385
دابوق,bayut,195,250000,1282
دابوق,bayut,200,330000,1650
دابوق,bayut,195,260000,1333
دابوق,bayut,195,270000,1385
دابوق,bayut,230,300000,1304
دابوق,bayut,225,360000,1600
دابوق,bayut,552,450000,815
دابوق,bayut,200,165000,825
دابوق,bayut,186,185000,995
دابوق,bayut,180,235000,1306
دابوق,bayut,207,290000,1401
دابوق,bayut,207,340000,1643
دابوق,bayut,265,265000,1000
دابوق,bayut,300,370000,1233
دابوق,bayut,250,260000,1040
دابوق,bayut,250,290000,1160
دابوق,bayut,380,350000,921
دابوق,bayut,346,240000,694
دابوق,bayut,200,195000,975
دابوق,bayut,150,135000,900
دابوق,bayut,305,365000,1197
دابوق,bayut,210,185000,881
دابوق,bayut,210,185000,881
دابوق,bayut,220,140000,636
دابوق,bayut,220,140000,636
دابوق,bayut,210,185000,881
دابوق,bayut,210,190000,905
دابوق,bayut,210,195000,929
دابوق,bayut,210,180000,857
دابوق,bayut,300,370000,1233
دابوق,bayut,216,125000,579
دابوق,bayut,270,290000,1074
دابوق,bayut,370,320000,865
دابوق,bayut,160,195000,1219
دابوق,bayut,230,205000,891
دابوق,bayut,260,285000,1096
دابوق,bayut,350,430000,1229
دابوق,bayut,515,450000,874
دابوق,bayut,180,270000,1500
دابوق,bayut,350,600000,1714
دابوق,bayut,485,750000,1546
دابوق,bayut,330,225000,682
دابوق,bayut,325,180000,554
دابوق,bayut,145,127000,876
دابوق,bayut,245,190000,776
دابوق,bayut,345,425000,1232
دابوق,bayut,305,245000,803
دابوق,bayut,305,280000,918
دابوق,bayut,305,330000,1082
دابوق,bayut,305,360000,1180
دابوق,bayut,430,420000,977
دابوق,bayut,408,330000,809
دابوق,bayut,180,215000,1194
دابوق,bayut,180,250000,1389
دابوق,bayut,355,360000,1014
دابوق,bayut,345,420000,1217
دابوق,bayut,195,210000,1077
دابوق,bayut,195,190000,974
دابوق,bayut,180,215000,1194
دابوق,bayut,305,340000,1115
دابوق,bayut,305,360000,1180
دابوق,bayut,220,180000,818
دابوق,bayut,300,280000,933
دابوق,bayut,400,260000,650
دابوق,bayut,230,310000,1348
دابوق,bayut,570,585000,1026
دابوق,bayut,370,550000,1486
دابوق,bayut,429,400000,932
دابوق,bayut,219,195000,890
دابوق,bayut,115,150000,1304
دابوق,bayut,150,150000,1000
دابوق,bayut,260,300000,1154
دابوق,bayut,270,300000,1111
دابوق,bayut,150,115000,767
دابوق,bayut,180,140000,778
دابوق,bayut,220,200000,909
دابوق,bayut,315,470000,1492
دابوق,bayut,400,280000,700
دابوق,bayut,494,270000,547
دابوق,bayut,180,140000,778
دابوق,bayut,230,320000,1391
دابوق,bayut,230,350000,1522
دابوق,bayut,170,130000,765
دابوق,bayut,150,125000,833
دابوق,bayut,150,140000,933
دابوق,bayut,295,285000,966
دابوق,bayut,385,425000,1104
دابوق,bayut,320,470000,1469
دابوق,bayut,280,330000,1179
دابوق,bayut,180,120000,667
دابوق,bayut,270,350000,1296
دابوق,bayut,210,170000,810
دابوق,bayut,180,80000,444
دابوق,bayut,225,250000,1111
دابوق,bayut,230,220000,957
دابوق,bayut,250,180000,720
دابوق,bayut,220,165000,750
دابوق,bayut,300,250000,833
دابوق,bayut,220,230000,1045
دابوق,bayut,380,420000,1105
دابوق,bayut,321,300000,935
دابوق,bayut,245,180000,735
دابوق,bayut,380,300000,789
دابوق,bayut,430,700000,1628
دابوق,bayut,219,170000,776
دابوق,bayut,260,260000,1000
دابوق,bayut,200,165000,825
دابوق,bayut,336,239000,711
دابوق,bayut,220,165000,750
دابوق,bayut,170,265000,1559
دابوق,bayut,500,530000,1060
دابوق,bayut,315,465000,1476
دابوق,bayut,350,450000,1286
دابوق,bayut,350,425000,1214
دابوق,bayut,250,200000,800
دابوق,bayut,163,170000,1043
دابوق,bayut,240,280000,1167
دابوق,bayut,153,137000,895
دابوق,bayut,150,145000,967
دابوق,bayut,153,137000,895
دابوق,bayut,250,285000,1140
دابوق,bayut,200,238000,1190
دابوق,bayut,200,245000,1225
دابوق,bayut,265,300000,1132
دابوق,bayut,430,420000,977
دابوق,bayut,350,450000,1286
دابوق,bayut,230,310000,1348
دابوق,bayut,325,300000,923
دابوق,bayut,220,230000,1045
دابوق,bayut,429,420000,979
دابوق,bayut,260,400000,1538
دابوق,bayut,386,290000,751
دابوق,bayut,255,240000,941
دابوق,bayut,202,135000,668
دابوق,bayut,200,175000,875
دابوق,bayut,220,225000,1023
دابوق,bayut,256,320000,1250
دابوق,bayut,190,300000,1579
دابوق,bayut,200,185000,925
دابوق,bayut,375,325000,867
دابوق,bayut,250,260000,1040
دابوق,bayut,200,185000,925
دابوق,bayut,200,185000,925
دابوق,bayut,300,270000,900
دابوق,bayut,400,375000,938
دابوق,bayut,330,475000,1439
دابوق,bayut,190,205000,1079
دابوق,bayut,220,285000,1295
دابوق,bayut,435,570000,1310
دابوق,bayut,250,370000,1480
دابوق,bayut,185,125000,676
دابوق,bayut,250,200000,800
دابوق,bayut,261,385000,1475
دابوق,bayut,251,295000,1175
دابوق,bayut,350,425000,1214
دابوق,bayut,230,200000,870
دابوق,bayut,420,420000,1000
دابوق,bayut,260,375000,1442
دابوق,bayut,180,185000,1028
دابوق,bayut,350,475000,1357
دابوق,bayut,340,340000,1000
دابوق,bayut,345,320000,928
دابوق,bayut,280,275000,982
دابوق,bayut,600,700000,1167
دابوق,bayut,300,395000,1317
دابوق,bayut,200,150000,750
دابوق,bayut,347,270000,778
دابوق,bayut,265,239000,902
دابوق,bayut,130,150000,1154
دابوق,bayut,215,200000,930
دابوق,bayut,286,240000,839
دابوق,bayut,286,240000,839
دابوق,bayut,215,200000,930
دابوق,bayut,265,239000,902
دابوق,bayut,347,270000,778
دابوق,bayut,200,150000,750
دابوق,bayut,300,395000,1317
دابوق,bayut,130,150000,1154
دابوق,bayut,285,285000,1000
دابوق,bayut,180,215000,1194
دابوق,bayut,385,410000,1065
دابوق,bayut,245,320000,1306
دابوق,bayut,475,540000,1137
دابوق,bayut,200,290000,1450
دابوق,bayut,245,320000,1306
دابوق,bayut,475,540000,1137
دابوق,bayut,145,167000,1152
دابوق,bayut,347,350000,1009
دابوق,bayut,275,275000,1000
دابوق,bayut,200,240000,1200
دابوق,bayut,280,295000,1054
دابوق,bayut,225,260000,1156
دابوق,bayut,215,245000,1140
دابوق,bayut,210,345000,1643
دابوق,bayut,195,325000,1667
دابوق,bayut,400,425000,1062
دابوق,bayut,200,250000,1250
دابوق,bayut,430,475000,1105
دابوق,bayut,150,180000,1200
دابوق,bayut,170,250000,1471
دابوق,bayut,167,175000,1048
دابوق,bayut,270,400000,1481
دابوق,bayut,260,260000,1000
دابوق,bayut,240,280000,1167
دابوق,bayut,190,185000,974
دابوق,bayut,283,215000,760
دابوق,bayut,163,180000,1104
دابوق,bayut,265,330000,1245
دابوق,bayut,340,490000,1441
دابوق,bayut,260,320000,1231
دابوق,bayut,414,245000,592
دابوق,bayut,250,245000,980
دابوق,bayut,185,135000,730
دابوق,bayut,410,395000,963
دابوق,bayut,195,230000,1179
دابوق,bayut,600,450000,750
دابوق,bayut,330,485000,1470
دابوق,bayut,255,280000,1098
دابوق,bayut,359,310000,864
دابوق,bayut,332,310000,934
دابوق,bayut,170,220000,1294
دابوق,bayut,186,160000,860
دابوق,bayut,332,305000,919
دابوق,bayut,200,210000,1050
دابوق,bayut,280,330000,1179
دابوق,bayut,190,230000,1211
دابوق,bayut,325,250000,769
دابوق,bayut,215,220000,1023
دابوق,bayut,241,200000,830
دابوق,bayut,400,380000,950
دابوق,bayut,300,350000,1167
دابوق,bayut,328,450000,1372
دابوق,bayut,208,215000,1034
دابوق,bayut,420,520000,1238
دابوق,bayut,240,190000,792
دابوق,bayut,130,145000,1115
دابوق,opensooq,205,235000,1146
دابوق,opensooq,332,245000,738
دابوق,opensooq,275,275000,1000
دابوق,opensooq,265,215000,811
دابوق,opensooq,260,270000,1038
دابوق,opensooq,200,162000,810
دابوق,opensooq,225,220000,978
دابوق,opensooq,290,269000,928
دابوق,opensooq,430,450000,1047
دابوق,opensooq,300,425000,1417
دابوق,opensooq,200,160000,800
دابوق,opensooq,500,350000,700
دابوق,opensooq,265,210000,792
دابوق,opensooq,200,220000,1100
دير غبار,qoshan,325,275000,846
دير غبار,qoshan,190,150000,789
دير غبار,qoshan,330,395000,1197
دير غبار,qoshan,390,450000,1154
دير غبار,qoshan,180,145000,806
دير غبار,qoshan,200,220000,1100
دير غبار,qoshan,270,335000,1241
دير غبار,qoshan,290,290000,1000
دير غبار,qoshan,237,450000,1899
دير غبار,qoshan,287,250000,871
دير غبار,qoshan,120,120000,1000
دير غبار,qoshan,230,210000,913
دير غبار,qoshan,209,240000,1148
دير غبار,qoshan,310,350000,1129
دير غبار,qoshan,170,185000,1088
دير غبار,qoshan,99,95000,960
دير غبار,qoshan,287,380000,1324
دير غبار,qoshan,215,139000,647
دير غبار,qoshan,76,97000,1276
دير غبار,qoshan,440,440000,1000
دير غبار,qoshan,280,300000,1071
دير غبار,qoshan,193,140000,725
دير غبار,qoshan,366,290000,792
دير غبار,qoshan,238,210000,882
دير غبار,qoshan,215,200000,930
دير غبار,qoshan,413,280000,678
دير غبار,qoshan,200,145000,725
دير غبار,qoshan,265,230000,868
دير غبار,qoshan,243,210000,864
دير غبار,qoshan,170,165000,971
دير غبار,qoshan,236,225000,953
دير غبار,qoshan,98,79000,806
دير غبار,qoshan,188,210000,1117
دير غبار,qoshan,460,420000,913
دير غبار,qoshan,444,350000,788
دير غبار,qoshan,200,175000,875
دير غبار,qoshan,230,175000,761
دير غبار,qoshan,380,425000,1118
دير غبار,qoshan,240,130000,542
دير غبار,qoshan,176,155000,881
دير غبار,qoshan,180,160000,889
دير غبار,qoshan,150,110000,733
دير غبار,qoshan,174,99000,569
دير غبار,qoshan,310,300000,968
دير غبار,qoshan,155,155000,1000
دير غبار,qoshan,264,165000,625
دير غبار,qoshan,170,150000,882
دير غبار,qoshan,209,240000,1148
دير غبار,qoshan,180,125000,694
دير غبار,qoshan,88,75000,852
دير غبار,qoshan,180,198000,1100
دير غبار,qoshan,230,249000,1083
دير غبار,qoshan,230,150000,652
دير غبار,qoshan,150,170000,1133
دير غبار,qoshan,240,240000,1000
دير غبار,qoshan,330,270000,818
دير غبار,qoshan,204,160000,784
دير غبار,qoshan,180,195000,1083
دير غبار,bayut,265,255000,962
دير غبار,bayut,110,105000,955
دير غبار,bayut,145,109000,752
دير غبار,bayut,385,280000,727
دير غبار,bayut,250,285000,1140
دير غبار,bayut,185,185000,1000
دير غبار,bayut,200,140000,700
دير غبار,bayut,200,160000,800
دير غبار,bayut,175,135000,771
دير غبار,bayut,195,145000,744
دير غبار,bayut,220,185000,841
دير غبار,bayut,135,125000,926
دير غبار,bayut,220,185000,841
دير غبار,bayut,210,185000,881
دير غبار,bayut,215,185000,860
دير غبار,bayut,220,185000,841
دير غبار,bayut,215,185000,860
دير غبار,bayut,105,88000,838
دير غبار,bayut,175,145000,829
دير غبار,bayut,175,135000,771
دير غبار,bayut,175,150000,857
دير غبار,bayut,190,190000,1000
دير غبار,bayut,325,325000,1000
دير غبار,bayut,350,380000,1086
دير غبار,bayut,360,380000,1056
دير غبار,bayut,180,180000,1000
دير غبار,bayut,342,435000,1272
دير غبار,bayut,337,450000,1335
دير غبار,bayut,187,128000,684
دير غبار,bayut,150,140000,933
دير غبار,bayut,150,140000,933
دير غبار,bayut,150,150000,1000
دير غبار,bayut,250,240000,960
دير غبار,bayut,346,370000,1069
دير غبار,bayut,417,610000,1463
دير غبار,bayut,150,150000,1000
دير غبار,bayut,130,170000,1308
دير غبار,bayut,167,205000,1228
دير غبار,bayut,167,190000,1138
دير غبار,bayut,440,435000,989
دير غبار,bayut,217,255000,1175
دير غبار,bayut,250,300000,1200
دير غبار,bayut,250,280000,1120
دير غبار,bayut,215,158000,735
دير غبار,bayut,321,260000,810
دير غبار,bayut,202,160000,792
دير غبار,bayut,252,350000,1389
دير غبار,bayut,205,110000,537
دير غبار,bayut,187,135000,722
دير غبار,bayut,186,115000,618
دير غبار,bayut,188,155000,824
دير غبار,bayut,182,138000,758
دير غبار,bayut,120,100000,833
دير غبار,bayut,195,146000,749
دير غبار,bayut,182,155000,852
دير غبار,bayut,300,420000,1400
دير غبار,bayut,390,580000,1487
دير غبار,bayut,250,350000,1400
دير غبار,bayut,250,350000,1400
دير غبار,bayut,250,290000,1160
دير غبار,bayut,388,320000,825
دير غبار,bayut,200,140000,700
دير غبار,bayut,365,370000,1014
دير غبار,bayut,210,220000,1048
دير غبار,bayut,186,175000,941
دير غبار,bayut,182,155000,852
دير غبار,bayut,186,140000,753
دير غبار,bayut,186,185000,995
دير غبار,bayut,185,182000,984
دير غبار,bayut,360,280000,778
دير غبار,bayut,188,320000,1702
دير غبار,bayut,192,140000,729
دير غبار,bayut,260,350000,1346
دير غبار,bayut,100,80000,800
دير غبار,bayut,285,200000,702
دير غبار,bayut,385,360000,935
دير غبار,bayut,240,180000,750
دير غبار,bayut,230,250000,1087
دير غبار,bayut,230,235000,1022
دير غبار,bayut,260,320000,1231
دير غبار,bayut,192,195000,1016
دير غبار,bayut,192,185000,964
دير غبار,bayut,238,245000,1029
دير غبار,bayut,200,205000,1025
دير غبار,bayut,220,215000,977
دير غبار,bayut,270,220000,815
دير غبار,bayut,180,140000,778
دير غبار,bayut,220,260000,1182
دير غبار,bayut,220,260000,1182
دير غبار,bayut,190,135000,711
دير غبار,bayut,97,78000,804
دير غبار,bayut,86,66000,767
دير غبار,bayut,280,205000,732
دير غبار,bayut,255,240000,941
دير غبار,bayut,192,190000,990
دير غبار,bayut,324,260000,802
دير غبار,bayut,200,210000,1050
دير غبار,bayut,196,165000,842
دير غبار,bayut,196,165000,842
دير غبار,bayut,345,400000,1159
دير غبار,bayut,175,220000,1257
دير غبار,bayut,160,142000,888
دير غبار,bayut,200,165000,825
دير غبار,bayut,215,215000,1000
دير غبار,bayut,160,130000,812
دير غبار,bayut,170,190000,1118
دير غبار,bayut,170,225000,1324
دير غبار,bayut,185,130000,703
دير غبار,bayut,375,300000,800
دير غبار,bayut,275,270000,982
دير غبار,bayut,345,380000,1101
دير غبار,bayut,210,180000,857
دير غبار,bayut,460,365000,793
دير غبار,bayut,79,68000,861
دير غبار,bayut,150,135000,900
دير غبار,bayut,280,275000,982
دير غبار,bayut,365,190000,521
دير غبار,bayut,300,330000,1100
دير غبار,bayut,90,89000.01,989
دير غبار,bayut,305,210000,689
دير غبار,bayut,250,290000,1160
دير غبار,bayut,250,205000,820
دير غبار,bayut,200,200000,1000
دير غبار,bayut,235,160000,681
دير غبار,bayut,245,215000,878
دير غبار,bayut,215,210000,977
دير غبار,bayut,105,90000,857
دير غبار,bayut,105,133000,1267
دير غبار,bayut,245,234000,955
دير غبار,bayut,255,253000,992
دير غبار,bayut,170,163000,959
دير غبار,bayut,310,255000,823
دير غبار,bayut,400,300000,750
دير غبار,bayut,200,265000,1325
دير غبار,bayut,400,480000,1200
دير غبار,bayut,250,215000,860
دير غبار,bayut,200,140000,700
دير غبار,bayut,140,145000,1036
دير غبار,bayut,170,130000,765
دير غبار,bayut,245,285000,1163
دير غبار,bayut,200,148000,740
دير غبار,bayut,220,180000,818
دير غبار,bayut,375,340000,907
دير غبار,bayut,140,128000,914
دير غبار,bayut,205,155000,756
دير غبار,bayut,200,200000,1000
دير غبار,bayut,325,340000,1046
دير غبار,bayut,350,400000,1143
دير غبار,bayut,160,130000,812
دير غبار,bayut,130,120000,923
دير غبار,bayut,130,105000,808
دير غبار,bayut,130,105000,808
دير غبار,bayut,130,120000,923
دير غبار,bayut,230,225000,978
دير غبار,bayut,230,175000,761
دير غبار,bayut,230,220000,957
دير غبار,bayut,180,145000,806
دير غبار,bayut,180,145000,806
دير غبار,bayut,250,225000,900
دير غبار,bayut,165,115000,697
دير غبار,bayut,105,84000,800
دير غبار,bayut,100,74000,740
دير غبار,bayut,105,100000,952
دير غبار,bayut,95,100000,1053
دير غبار,bayut,95,95000,1000
دير غبار,bayut,105,95000,905
دير غبار,bayut,95,95000,1000
دير غبار,bayut,95,95000,1000
دير غبار,bayut,275,275000,1000
دير غبار,bayut,275,275000,1000
دير غبار,bayut,275,275000,1000
دير غبار,bayut,275,275000,1000
دير غبار,bayut,203,150000,739
دير غبار,bayut,200,155000,775
دير غبار,bayut,203,140000,690
دير غبار,bayut,127,85000,669
دير غبار,bayut,223,200000,897
دير غبار,bayut,144,103000,715
دير غبار,bayut,180,160000,889
دير غبار,bayut,190,110000,579
دير غبار,bayut,175,165000,943
دير غبار,bayut,135,130000,963
دير غبار,bayut,152,160000,1053
دير غبار,bayut,110,129000,1173
دير غبار,bayut,430,500000,1163
دير غبار,bayut,164,132000,805
دير غبار,bayut,124,99000,798
دير غبار,bayut,300,270000,900
دير غبار,bayut,300,370000,1233
دير غبار,bayut,170,130000,765
دير غبار,bayut,200,155000,775
دير غبار,bayut,150,135000,900
دير غبار,bayut,200,185000,925
دير غبار,bayut,200,300000,1500
دير غبار,bayut,114,91000,798
دير غبار,bayut,113,159000,1407
دير غبار,bayut,107,151000,1411
دير غبار,bayut,105,136000,1295
دير غبار,bayut,113,159000,1407
دير غبار,bayut,107,139000,1299
دير غبار,bayut,105,136000,1295
دير غبار,bayut,113,159000,1407
دير غبار,bayut,107,139000,1299
دير غبار,bayut,105,136000,1295
دير غبار,bayut,350,300000,857
دير غبار,bayut,250,250000,1000
دير غبار,bayut,255,180000,706
دير غبار,bayut,341,210000,616
دير غبار,bayut,115,116000,1009
دير غبار,bayut,205,270000,1317
دير غبار,bayut,341,425000,1246
دير غبار,bayut,310,300000,968
دير غبار,bayut,341,460000,1349
دير غبار,bayut,350,300000,857
دير غبار,bayut,440,380000,864
دير غبار,bayut,460,700000,1522
دير غبار,bayut,175,155000,886
دير غبار,bayut,250,260000,1040
دير غبار,bayut,325,340000,1046
دير غبار,bayut,275,300000,1091
دير غبار,bayut,179,170000,950
دير غبار,bayut,350,400000,1143
دير غبار,bayut,160,160000,1000
دير غبار,bayut,400,270000,675
دير غبار,bayut,280,315000,1125
دير غبار,bayut,85,78000,918
دير غبار,bayut,318,525000,1651
دير غبار,bayut,333,230000,691
دير غبار,bayut,250,195000,780
دير غبار,bayut,330,330000,1000
دير غبار,bayut,260,260000,1000
دير غبار,bayut,165,160000,970
دير غبار,bayut,253,250000,988
دير غبار,bayut,250,300000,1200
دير غبار,bayut,205,245000,1195
دير غبار,bayut,200,225000,1125
دير غبار,bayut,235,235000,1000
دير غبار,bayut,147,90000,612
دير غبار,bayut,177,130000,734
دير غبار,bayut,150,110000,733
دير غبار,bayut,130,100000,769
دير غبار,bayut,330,330000,1000
دير غبار,bayut,278,280000,1007
دير غبار,bayut,200,195000,975
دير غبار,bayut,201,260000,1294
دير غبار,bayut,150,155000,1033
دير غبار,bayut,240,185000,771
دير غبار,bayut,120,90000,750
دير غبار,bayut,190,180000,947
دير غبار,bayut,150,105000,700
دير غبار,bayut,95,107000,1126
دير غبار,bayut,150,110000,733
دير غبار,bayut,280,230000,821
دير غبار,bayut,330,399000,1209
دير غبار,bayut,100,68000,680
دير غبار,bayut,277,285000,1029
دير غبار,bayut,240,230000,958
دير غبار,bayut,185,160000,865
دير غبار,bayut,172,130000,756
دير غبار,bayut,364,380000,1044
دير غبار,bayut,266,200000,752
دير غبار,bayut,180,235000,1306
دير غبار,bayut,140,85000,607
دير غبار,bayut,240,210000,875
دير غبار,bayut,340,300000,882
دير غبار,bayut,270,305000,1130
دير غبار,bayut,270,290000,1074
دير غبار,bayut,270,265000,981
دير غبار,bayut,336,450000,1339
دير غبار,bayut,183,185000,1011
دير غبار,bayut,245,190000,776
دير غبار,bayut,226,158000,699
دير غبار,bayut,180,180000,1000
دير غبار,bayut,201,210000,1045
دير غبار,bayut,180,125000,694
دير غبار,bayut,235,235000,1000
دير غبار,bayut,320,285000,891
دير غبار,bayut,200,200000,1000
دير غبار,bayut,180,135000,750
دير غبار,bayut,236,250000,1059
دير غبار,bayut,183,130000,710
دير غبار,bayut,300,430000,1433
دير غبار,bayut,265,230000,868
دير غبار,bayut,250,275000,1100
دير غبار,bayut,245,265000,1082
دير غبار,bayut,330,285000,864
دير غبار,bayut,210,190000,905
دير غبار,bayut,192,235000,1224
دير غبار,bayut,330,200000,606
دير غبار,bayut,225,245000,1089
دير غبار,bayut,209,245000,1172
دير غبار,bayut,208,180000,865
دير غبار,bayut,341,285000,836
دير غبار,bayut,240,260000,1083
دير غبار,bayut,171,145000,848
دير غبار,bayut,280,325000,1161
دير غبار,bayut,90,110000,1222
دير غبار,bayut,260,260000,1000
دير غبار,bayut,315,315000,1000
دير غبار,bayut,108,130000,1204
دير غبار,bayut,105,150000,1429
دير غبار,bayut,325,320000,985
دير غبار,bayut,325,310000,954
دير غبار,bayut,204,255000,1250
دير غبار,bayut,350,350000,1000
دير غبار,bayut,175,190000,1086
دير غبار,bayut,210,220000,1048
دير غبار,bayut,350,300000,857
دير غبار,bayut,410,350000,854
دير غبار,bayut,260,247000,950
دير غبار,bayut,235,200000,851
دير غبار,bayut,104,83000,798
دير غبار,bayut,240,280000,1167
دير غبار,bayut,440,470000,1068
دير غبار,bayut,180,225000,1250
دير غبار,bayut,375,420000,1120
دير غبار,bayut,325,380000,1169
دير غبار,bayut,275,300000,1091
دير غبار,bayut,150,160000,1067
دير غبار,bayut,213,230000,1080
دير غبار,bayut,300,300000,1000
دير غبار,bayut,268,270000,1007
دير غبار,bayut,200,285000,1425
دير غبار,bayut,245,245000,1000
دير غبار,bayut,321,360000,1121
دير غبار,bayut,350,425000,1214
دير غبار,bayut,353,400000,1133
دير غبار,bayut,150,215000,1433
دير غبار,opensooq,160,130000,812
دير غبار,opensooq,190,165000,868
دير غبار,opensooq,175,155000,886
دير غبار,opensooq,175,145000,829
دير غبار,opensooq,95,118000,1242
دير غبار,opensooq,136,119000,875
دير غبار,opensooq,230,200000,870
دير غبار,opensooq,190,165000,868
دير غبار,opensooq,133,119000,895
دير غبار,opensooq,95,103000,1084
دير غبار,opensooq,95,115000,1211
دير غبار,opensooq,70,55000,786
دير غبار,opensooq,105,122000,1162
دير غبار,opensooq,175,155000,886
دير غبار,opensooq,191,155000,812
دير غبار,opensooq,250,285000,1140
دير غبار,opensooq,275,275000,1000
دير غبار,opensooq,175,155000,886
دير غبار,opensooq,275,225000,818
دير غبار,opensooq,182,200000,1099
دير غبار,opensooq,182,200000,1099
دير غبار,opensooq,182,250000,1374
دير غبار,opensooq,185,110000,595
دير غبار,opensooq,136,125000,919
دير غبار,opensooq,133,119000,895
دير غبار,opensooq,136,126000,926
دير غبار,opensooq,136,119000,875
دير غبار,opensooq,187,166000,888
دير غبار,opensooq,204,135000,662
دير غبار,opensooq,110,85000,773
دير غبار,opensooq,240,180000,750
دير غبار,opensooq,180,160000,889
دير غبار,opensooq,196,85000,434
دير غبار,opensooq,205,190000,927
دير غبار,opensooq,215,255000,1186
دير غبار,opensooq,190,190000,1000
دير غبار,opensooq,171,205000,1199
دير غبار,opensooq,215,200000,930
دير غبار,opensooq,190,165000,868
دير غبار,opensooq,120,144000,1200
دير غبار,opensooq,133,110000,827
دير غبار,opensooq,85,69000,812
دير غبار,opensooq,200,175000,875
دير غبار,opensooq,175,145000,829
دير غبار,opensooq,180,215000,1194
دير غبار,opensooq,361,255000,706
دير غبار,opensooq,95,105000,1105
دير غبار,opensooq,182,240000,1319
دير غبار,opensooq,235,315000,1340
دير غبار,opensooq,230,245000,1065
دير غبار,opensooq,235,250000,1064
دير غبار,opensooq,230,265000,1152
دير غبار,opensooq,235,285000,1213
دير غبار,opensooq,200,139000,695
دير غبار,opensooq,180,125000,694
دير غبار,opensooq,185,135000,730
دير غبار,opensooq,200,215000,1075
دير غبار,opensooq,200,205000,1025
دير غبار,opensooq,200,170000,850
دير غبار,opensooq,230,225000,978
دير غبار,opensooq,100,85000,850
دير غبار,opensooq,300,190000,633
دير غبار,opensooq,145,109000,752
دير غبار,opensooq,175,112000,640
دير غبار,opensooq,135,125000,926
دير غبار,opensooq,350,190000,543
دير غبار,opensooq,235,235000,1000
دير غبار,opensooq,270,295000,1093
دير غبار,opensooq,270,230000,852
دير غبار,opensooq,270,285000,1056
دير غبار,opensooq,175,129000,737
دير غبار,opensooq,129,110000,853
دير غبار,opensooq,185,265000,1432
دير غبار,opensooq,175,125000,714
دير غبار,opensooq,395,295000,747
دير غبار,opensooq,110,105000,955
دير غبار,opensooq,135,130000,963
دير غبار,opensooq,230,190000,826
دير غبار,opensooq,175,145000,829
دير غبار,opensooq,175,145000,829
دير غبار,opensooq,175,145000,829
دير غبار,opensooq,240,210000,875
دير غبار,opensooq,220,180000,818
دير غبار,opensooq,168,109000,649
دير غبار,opensooq,135,110000,815
دير غبار,opensooq,145,115000,793
دير غبار,opensooq,186,125000,672
دير غبار,opensooq,160,135000,844
دير غبار,opensooq,160,145000,906
دير غبار,opensooq,180,130000,722
دير غبار,opensooq,180,160000,889
دير غبار,opensooq,200,155000,775
دير غبار,opensooq,73,65000,890
دير غبار,opensooq,225,155000,689
دير غبار,opensooq,375,210000,560
دير غبار,opensooq,155,120000,774
دير غبار,opensooq,365,300000,822
دير غبار,opensooq,185,115000,622
دير غبار,opensooq,220,149000,677
دير غبار,opensooq,145,125000,862
دير غبار,opensooq,142,110000,775
دير غبار,opensooq,220,100000,455
دير غبار,opensooq,245,195000,796
دير غبار,opensooq,350,380000,1086
دير غبار,opensooq,124,48000,387
دير غبار,opensooq,110,85000,773
دير غبار,opensooq,330,210000,636
دير غبار,opensooq,237,175000,738
دير غبار,opensooq,180,200000,1111
دير غبار,opensooq,223,178000,798
دير غبار,opensooq,300,180000,600
دير غبار,opensooq,350,480000,1371
دير غبار,opensooq,300,390000,1300
دير غبار,opensooq,237,170000,717
دير غبار,opensooq,124,90000,726
دير غبار,opensooq,200,195000,975
دير غبار,opensooq,137,105000,766
دير غبار,opensooq,190,170000,895
دير غبار,opensooq,200,350000,1750
دير غبار,opensooq,155,121000,781
دير غبار,opensooq,244,180000,738
أم السماق,qoshan,120,95000,792
أم السماق,qoshan,140,110000,786
أم السماق,qoshan,181,140000,773
أم السماق,qoshan,200,175000,875
أم السماق,qoshan,200,230000,1150
أم السماق,qoshan,100,90000,900
أم السماق,qoshan,250,230000,920
أم السماق,qoshan,240,200000,833
أم السماق,qoshan,265,240000,906
أم السماق,qoshan,301,220000,731
أم السماق,qoshan,286,210000,734
أم السماق,qoshan,230,230000,1000
أم السماق,qoshan,265,300000,1132
أم السماق,qoshan,158,145000,918
أم السماق,bayut,300,140000,467
أم السماق,bayut,215,110000,512
أم السماق,bayut,170,130000,765
أم السماق,bayut,165,75000,455
أم السماق,bayut,230,189000,822
أم السماق,bayut,290,245000,845
أم السماق,bayut,300,175000,583
أم السماق,bayut,180,225000,1250
أم السماق,bayut,220,225000,1023
أم السماق,bayut,200,250000,1250
أم السماق,bayut,235,230000,979
أم السماق,bayut,228,250000,1096
أم السماق,bayut,228,170000,746
أم السماق,bayut,262,250000,954
أم السماق,bayut,200,120000,600
أم السماق,bayut,268,165000,616
أم السماق,bayut,236,100000,424
أم السماق,bayut,165,65000,394
أم السماق,bayut,182,160000,879
أم السماق,bayut,186,125000,672
أم السماق,bayut,186,125000,672
أم السماق,bayut,350,270000,771
أم السماق,bayut,350,300000,857
أم السماق,bayut,420,270000,643
أم السماق,bayut,212,160000,755
أم السماق,bayut,201,140000,697
أم السماق,bayut,250,155000,620
أم السماق,bayut,165,155000,939
أم السماق,bayut,200,175000,875
أم السماق,bayut,237,195000,823
أم السماق,bayut,160,90000,562
أم السماق,bayut,180,98000,544
أم السماق,bayut,190,175000,921
أم السماق,bayut,190,205000,1079
أم السماق,bayut,80,95000,1188
أم السماق,bayut,135,165000,1222
أم السماق,bayut,170,145000,853
أم السماق,bayut,120,102000,850
أم السماق,bayut,135,115000,852
أم السماق,bayut,100,78000,780
أم السماق,bayut,260,250000,962
أم السماق,bayut,180,190000,1056
أم السماق,bayut,200,170000,850
أم السماق,bayut,194,160000,825
أم السماق,bayut,200,185000,925
أم السماق,bayut,194,150000,773
أم السماق,bayut,220,130000,591
أم السماق,bayut,100,85000,850
أم السماق,bayut,200,160000,800
أم السماق,bayut,230,175000,761
أم السماق,bayut,170,145000,853
أم السماق,bayut,200,190000,950
أم السماق,bayut,190,140000,737
أم السماق,bayut,190,140000,737
أم السماق,bayut,200,157000,785
أم السماق,bayut,207,185000,894
أم السماق,bayut,225,185000,822
أم السماق,bayut,240,190000,792
أم السماق,bayut,180,135000,750
أم السماق,bayut,141,86000,610
أم السماق,bayut,150,105000,700
أم السماق,bayut,190,160000,842
أم السماق,bayut,230,180000,783
أم السماق,bayut,168,130000,774
أم السماق,bayut,160,115000,719
أم السماق,bayut,525,260000,495
أم السماق,bayut,320,175000,547
أم السماق,bayut,250,137000,548
أم السماق,bayut,136,140000,1029
أم السماق,bayut,235,230000,979
أم السماق,bayut,180,113000,628
أم السماق,bayut,150,97000,647
أم السماق,bayut,150,125000,833
أم السماق,bayut,195,135000,692
أم السماق,bayut,170,115000,676
أم السماق,bayut,167,99000,593
أم السماق,bayut,207,128000,618
أم السماق,bayut,170,75000,441
أم السماق,bayut,228,150000,658
أم السماق,bayut,140,135000,964
أم السماق,bayut,130,135000,1038
أم السماق,bayut,330,295000,894
أم السماق,bayut,245,195000,796
أم السماق,bayut,225,190000,844
أم السماق,bayut,170,160000,941
أم السماق,bayut,110,85000,773
أم السماق,bayut,230,130000,565
أم السماق,bayut,175,115000,657
أم السماق,bayut,181,160000,884
أم السماق,bayut,110,70000,636
أم السماق,bayut,158,130000,823
أم السماق,bayut,275,290000,1055
أم السماق,bayut,175,155000,886
أم السماق,bayut,143,135000,944
أم السماق,bayut,177,170000,960
أم السماق,bayut,148,130000,878
أم السماق,bayut,150,114000,760
أم السماق,bayut,175,130000,743
أم السماق,bayut,240,250000,1042
أم السماق,bayut,240,240000,1000
أم السماق,bayut,232,170000,733
أم السماق,bayut,261,130000,498
أم السماق,bayut,220,110000,500
أم السماق,bayut,180,215000,1194
أم السماق,bayut,250,225000,900
أم السماق,bayut,200,140000,700
أم السماق,bayut,140,100000,714
أم السماق,bayut,200,140000,700
أم السماق,bayut,340,195000,574
أم السماق,bayut,180,160000,889
أم السماق,bayut,150,130000,867
أم السماق,bayut,224,240000,1071
أم السماق,bayut,130,83000,638
أم السماق,bayut,211,185000,877
أم السماق,bayut,200,195000,975
أم السماق,bayut,255,130000,510
أم السماق,bayut,225,230000,1022
أم السماق,bayut,206,190000,922
أم السماق,bayut,200,155000,775
أم السماق,bayut,210,190000,905
أم السماق,bayut,240,125000,521
أم السماق,bayut,135,122000,904
أم السماق,bayut,307,285000,928
أم السماق,bayut,130,130000,1000
أم السماق,bayut,180,165000,917
أم السماق,bayut,225,220000,978
أم السماق,bayut,200,165000,825
أم السماق,bayut,135,120000,889
أم السماق,bayut,187,190000,1016
أم السماق,bayut,150,138000,920
أم السماق,bayut,186,180000,968
أم السماق,bayut,150,137500,917
أم السماق,bayut,225,220000,978
أم السماق,bayut,177,173000,977
أم السماق,bayut,110,75000,682
أم السماق,bayut,190,165000,868
أم السماق,bayut,235,265000,1128
أم السماق,bayut,110,75000,682
أم السماق,bayut,127,90000,709
أم السماق,bayut,190,210000,1105
أم السماق,bayut,190,160000,842
أم السماق,bayut,280,230000,821
أم السماق,bayut,200,230000,1150
أم السماق,bayut,140,180000,1286
أم السماق,bayut,200,230000,1150
أم السماق,bayut,341,440000,1290
أم السماق,bayut,195,200000,1026
أم السماق,bayut,150,118000,787
أم السماق,bayut,225,225000,1000
أم السماق,bayut,190,190000,1000
أم السماق,bayut,205,165000,805
أم السماق,bayut,190,120000,632
أم السماق,bayut,208,125000,601
أم السماق,bayut,502,175000,349
أم السماق,bayut,375,320000,853
أم السماق,bayut,340,306000,900
أم السماق,bayut,450,425000,944
أم السماق,bayut,430,300000,698
أم السماق,bayut,288,195000,677
أم السماق,bayut,245,208000,849
أم السماق,bayut,250,230000,920
أم السماق,bayut,180,215000,1194
أم السماق,bayut,240,260000,1083
أم السماق,bayut,200,245000,1225
أم السماق,bayut,140,95000,679
أم السماق,bayut,120,85000,708
أم السماق,bayut,183,190000,1038
أم السماق,bayut,180,225000,1250
أم السماق,bayut,150,155000,1033
أم السماق,bayut,80,75000,938
أم السماق,bayut,150,92000,613
أم السماق,bayut,300,200000,667
أم السماق,bayut,140,115000,821
أم السماق,bayut,186,120000,645
أم السماق,bayut,164,105000,640
أم السماق,bayut,150,105000,700
أم السماق,bayut,136,72000,529
أم السماق,bayut,206,125000,607
أم السماق,bayut,118,90000,763
أم السماق,bayut,230,130000,565
أم السماق,bayut,180,165000,917
أم السماق,bayut,120,49000,408
أم السماق,opensooq,165,110000,667
أم السماق,opensooq,312,175000,561
أم السماق,opensooq,120,65000,542
أم السماق,opensooq,165,108000,655
أم السماق,opensooq,130,69000,531
أم السماق,opensooq,135,107000,793
أم السماق,opensooq,195,180000,923
أم السماق,opensooq,135,75000,556
أم السماق,opensooq,220,155000,705
أم السماق,opensooq,130,63000,485
أم السماق,opensooq,140,60000,429
أم السماق,opensooq,135,67000,496
أم السماق,opensooq,200,140000,700
أم السماق,opensooq,220,250000,1136
أم السماق,opensooq,306,330000,1078
أم السماق,opensooq,220,210000,955
أم السماق,opensooq,220,240000,1091
أم السماق,opensooq,190,180000,947
أم السماق,opensooq,190,220000,1158
أم السماق,opensooq,220,285000,1295
أم السماق,opensooq,230,220000,957
أم السماق,opensooq,213,165000,775
أم السماق,opensooq,250,147000,588
أم السماق,opensooq,213,110000,516
أم السماق,opensooq,220,95000,432
أم السماق,opensooq,155,119000,768
أم السماق,opensooq,150,119000,793
أم السماق,opensooq,180,73000,406
أم السماق,opensooq,114,67000,588
أم السماق,opensooq,225,152000,676
ضاحية النخيل,qoshan,225,145000,644
ضاحية النخيل,qoshan,210,155000,738
ضاحية النخيل,qoshan,230,210000,913
ضاحية النخيل,qoshan,192,140000,729
ضاحية النخيل,qoshan,200,168000,840
ضاحية النخيل,qoshan,245,215000,878
ضاحية النخيل,qoshan,173,145000,838
ضاحية النخيل,qoshan,220,190000,864
ضاحية النخيل,qoshan,335,240000,716
ضاحية النخيل,qoshan,350,240000,686
ضاحية النخيل,qoshan,200,170000,850
ضاحية النخيل,qoshan,200,190000,950
ضاحية النخيل,qoshan,200,125000,625
ضاحية النخيل,qoshan,180,143000,794
ضاحية النخيل,qoshan,180,450000,2500
ضاحية النخيل,qoshan,185,175000,946
ضاحية النخيل,qoshan,210,175000,833
ضاحية النخيل,qoshan,275,230000,836
ضاحية النخيل,qoshan,167,150000,898
ضاحية النخيل,qoshan,190,165000,868
ضاحية النخيل,qoshan,185,145000,784
ضاحية النخيل,qoshan,239,180000,753
ضاحية النخيل,qoshan,220,230000,1045
ضاحية النخيل,qoshan,180,165000,917
ضاحية النخيل,qoshan,170,135000,794
ضاحية النخيل,qoshan,231,165000,714
ضاحية النخيل,qoshan,158,165000,1044
ضاحية النخيل,opensooq,200,150000,750
ضاحية النخيل,opensooq,273,180000,659
ضاحية النخيل,opensooq,250,170000,680
ضاحية النخيل,opensooq,250,170000,680
ضاحية النخيل,opensooq,175,160000,914
ضاحية النخيل,opensooq,250,225000,900
ضاحية النخيل,opensooq,210,107500,512
ضاحية النخيل,opensooq,150,90000,600
ضاحية النخيل,opensooq,172,115000,669
ضاحية النخيل,opensooq,140,105000,750
ضاحية النخيل,opensooq,250,175000,700
ضاحية النخيل,opensooq,175,165000,943
ضاحية النخيل,opensooq,190,160000,842
ضاحية النخيل,opensooq,450,135000,300
ضاحية النخيل,opensooq,106,79000,745
ضاحية النخيل,opensooq,220,185000,841
ضاحية النخيل,opensooq,185,125000,676
ضاحية النخيل,opensooq,215,170000,791
ضاحية النخيل,opensooq,390,125000,321
ضاحية النخيل,opensooq,230,255000,1109
ضاحية النخيل,opensooq,240,170000,708
خلدا,qoshan,200,220000,1100
خلدا,qoshan,225,200000,889
خلدا,qoshan,195,180000,923
خلدا,qoshan,300,230000,767
خلدا,qoshan,345,365000,1058
خلدا,qoshan,230,130000,565
خلدا,qoshan,185,160000,865
خلدا,qoshan,190,230000,1211
خلدا,qoshan,120,97000,808
خلدا,qoshan,316,450000,1424
خلدا,qoshan,490,290000,592
خلدا,qoshan,213,195000,915
خلدا,qoshan,240,270000,1125
خلدا,qoshan,220,450000,2045
خلدا,qoshan,150,85000,567
خلدا,qoshan,430,460000,1070
خلدا,qoshan,244,155000,635
خلدا,qoshan,300,320000,1067
خلدا,qoshan,220,215000,977
خلدا,qoshan,195,150000,769
خلدا,qoshan,199,145000,729
خلدا,qoshan,179,105000,587
خلدا,qoshan,190,145000,763
خلدا,qoshan,277,220000,794
خلدا,qoshan,147,97000,660
خلدا,qoshan,433,330000,762
خلدا,qoshan,300,260000,867
خلدا,qoshan,270,230000,852
خلدا,qoshan,230,140000,609
خلدا,qoshan,150,130000,867
خلدا,qoshan,146,136000,932
خلدا,qoshan,200,450000,2250
خلدا,qoshan,207,150000,725
خلدا,qoshan,226,300000,1327
خلدا,qoshan,403,235000,583
خلدا,qoshan,180,450000,2500
خلدا,qoshan,275,235000,855
خلدا,qoshan,200,195000,975
خلدا,qoshan,150,185000,1233
خلدا,qoshan,200,230000,1150
خلدا,qoshan,145,135000,931
خلدا,qoshan,230,270000,1174
خلدا,qoshan,188,115000,612
خلدا,qoshan,275,290000,1055
خلدا,qoshan,130,110000,846
خلدا,qoshan,220,180000,818
خلدا,qoshan,290,270000,931
خلدا,qoshan,242,230000,950
خلدا,qoshan,170,135000,794
خلدا,qoshan,191,175000,916
خلدا,qoshan,150,125000,833
خلدا,qoshan,245,175000,714
خلدا,qoshan,138,135000,978
خلدا,qoshan,200,180000,900
خلدا,qoshan,227,210000,925
خلدا,qoshan,350,300000,857
خلدا,qoshan,160,147000,919
خلدا,qoshan,170,145000,853
خلدا,qoshan,195,125000,641
خلدا,qoshan,190,130000,684
خلدا,qoshan,400,360000,900
خلدا,qoshan,180,140000,778
خلدا,qoshan,240,220000,917
خلدا,qoshan,245,250000,1020
خلدا,qoshan,264,200000,758
خلدا,qoshan,211,192000,910
خلدا,qoshan,213,450000,2113
خلدا,qoshan,245,185000,755
خلدا,qoshan,200,130000,650
خلدا,bayut,160,83000,519
خلدا,bayut,155,110000,710
خلدا,bayut,210,135000,643
خلدا,bayut,180,155000,861
خلدا,bayut,180,129000,717
خلدا,bayut,105,70000,667
خلدا,bayut,340,127000,374
خلدا,bayut,250,195000,780
خلدا,bayut,225,195000,867
خلدا,bayut,275,155000,564
خلدا,bayut,310,139000,448
خلدا,bayut,175,83000,474
خلدا,bayut,140,88000,629
خلدا,bayut,210,124000,590
خلدا,bayut,300,170000,567
خلدا,bayut,245,175000,714
خلدا,bayut,260,145000,558
خلدا,bayut,175,120000,686
خلدا,bayut,140,150000,1071
خلدا,bayut,185,88000,476
خلدا,bayut,260,245000,942
خلدا,bayut,215,150000,698
خلدا,bayut,150,145000,967
خلدا,bayut,170,125000,735
خلدا,bayut,165,110000,667
خلدا,bayut,325,250000,769
خلدا,bayut,170,130000,765
خلدا,bayut,425,260000,612
خلدا,bayut,145,90000,621
خلدا,bayut,160,100000,625
خلدا,bayut,275,175000,636
خلدا,bayut,280,220000,786
خلدا,bayut,125,67500,540
خلدا,bayut,145,77000,531
خلدا,bayut,235,166000,706
خلدا,bayut,110,80000,727
خلدا,bayut,218,185000,849
خلدا,bayut,160,145000,906
خلدا,bayut,185,200000,1081
خلدا,bayut,225,137000,609
خلدا,bayut,150,170000,1133
خلدا,bayut,192,190000,990
خلدا,bayut,206,180000,874
خلدا,bayut,242,240000,992
خلدا,bayut,150,145000,967
خلدا,bayut,200,200000,1000
خلدا,bayut,200,180000,900
خلدا,bayut,200,190000,950
خلدا,bayut,200,190000,950
خلدا,bayut,200,160000,800
خلدا,bayut,350,200000,571
خلدا,bayut,230,230000,1000
خلدا,bayut,230,277000,1204
خلدا,bayut,144,100000,694
خلدا,bayut,370,300000,811
خلدا,bayut,200,145000,725
خلدا,bayut,170,110000,647
خلدا,bayut,217,145000,668
خلدا,bayut,200,180000,900
خلدا,bayut,150,140000,933
خلدا,bayut,350,225000,643
خلدا,bayut,192,190000,990
خلدا,bayut,195,150000,769
خلدا,bayut,188,92000,489
خلدا,bayut,173,164000,948
خلدا,bayut,150,154000,1027
خلدا,bayut,340,280000,824
خلدا,bayut,147,95000,646
خلدا,bayut,200,180000,900
خلدا,bayut,350,245000,700
خلدا,bayut,185,120000,649
خلدا,bayut,145,133000,917
خلدا,bayut,200,200000,1000
خلدا,bayut,240,200000,833
خلدا,bayut,198,185000,934
خلدا,bayut,240,185000,771
خلدا,bayut,281,170000,605
خلدا,bayut,180,215000,1194
خلدا,bayut,212,245000,1156
خلدا,bayut,235,240000,1021
خلدا,bayut,235,250000,1064
خلدا,bayut,148,118000,797
خلدا,bayut,156,115000,737
خلدا,bayut,100,82000,820
خلدا,bayut,250,330000,1320
خلدا,bayut,190,210000,1105
خلدا,bayut,170,175000,1029
خلدا,bayut,260,225000,865
خلدا,bayut,225,150000,667
خلدا,bayut,180,125000,694
خلدا,bayut,455,250000,549
خلدا,bayut,363,400000,1102
خلدا,bayut,150,75000,500
خلدا,bayut,200,118000,590
خلدا,bayut,210,240000,1143
خلدا,bayut,200,148000,740
خلدا,bayut,170,75000,441
خلدا,bayut,230,215000,935
خلدا,bayut,145,120000,828
خلدا,bayut,175,135000,771
خلدا,bayut,145,115000,793
خلدا,bayut,220,160000,727
خلدا,bayut,230,265000,1152
خلدا,bayut,216,115000,532
خلدا,bayut,165,145000,879
خلدا,bayut,215,189000,879
خلدا,bayut,215,225000,1047
خلدا,bayut,104,75000,721
خلدا,bayut,175,163000,931
خلدا,bayut,180,165000,917
خلدا,bayut,170,150000,882
خلدا,bayut,200,180000,900
خلدا,bayut,240,185000,771
خلدا,bayut,210,215000,1024
خلدا,bayut,210,240000,1143
خلدا,bayut,230,215000,935
خلدا,bayut,210,240000,1143
خلدا,bayut,255,205000,804
خلدا,bayut,230,290000,1261
خلدا,bayut,230,245000,1065
خلدا,bayut,225,165000,733
خلدا,bayut,165,112000,679
خلدا,bayut,340,350000,1029
خلدا,bayut,90,65000,722
خلدا,bayut,200,159000,795
خلدا,bayut,200,120000,600
خلدا,bayut,182,115000,632
خلدا,bayut,200,155000,775
خلدا,bayut,320,205000,641
خلدا,bayut,200,220000,1100
خلدا,bayut,750,469000,625
خلدا,bayut,354,230000,650
خلدا,bayut,225,165000,733
خلدا,bayut,170,120000,706
خلدا,bayut,200,160000,800
خلدا,bayut,250,190000,760
خلدا,bayut,205,190000,927
خلدا,bayut,380,200000,526
خلدا,bayut,175,135000,771
خلدا,bayut,180,150000,833
خلدا,bayut,245,190000,776
خلدا,bayut,240,250000,1042
خلدا,bayut,218,150000,688
خلدا,bayut,170,120000,706
خلدا,bayut,220,150000,682
خلدا,bayut,455,450000,989
خلدا,bayut,195,120000,615
خلدا,bayut,220,170000,773
خلدا,bayut,275,240000,873
خلدا,bayut,405,400000,988
خلدا,bayut,200,190000,950
خلدا,bayut,290,300000,1034
خلدا,bayut,290,180000,621
خلدا,bayut,100,95000,950
خلدا,bayut,380,390000,1026
خلدا,bayut,235,185000,787
خلدا,bayut,177,160000,904
خلدا,bayut,235,210000,894
خلدا,bayut,150,122500,817
خلدا,bayut,203,170000,837
خلدا,bayut,240,220000,917
خلدا,bayut,200,190000,950
خلدا,bayut,200,195000,975
خلدا,bayut,205,210000,1024
خلدا,bayut,205,128000,624
خلدا,bayut,200,170000,850
خلدا,bayut,208,155000,745
خلدا,bayut,160,155000,969
خلدا,bayut,220,205000,932
خلدا,bayut,180,105000,583
خلدا,bayut,183,60000,328
خلدا,bayut,195,187000,959
خلدا,bayut,220,130000,591
خلدا,bayut,200,225000,1125
خلدا,bayut,345,360000,1043
خلدا,bayut,130,160000,1231
خلدا,bayut,180,150000,833
خلدا,bayut,170,133000,782
خلدا,bayut,150,173000,1153
خلدا,bayut,195,187000,959
خلدا,bayut,235,235000,1000
خلدا,bayut,230,160000,696
خلدا,bayut,215,205000,953
خلدا,bayut,215,185000,860
خلدا,bayut,214,165000,771
خلدا,bayut,220,169000,768
خلدا,bayut,380,290000,763
خلدا,bayut,195,170000,872
خلدا,bayut,200,245000,1225
خلدا,bayut,200,165000,825
خلدا,bayut,200,165000,825
خلدا,bayut,200,165000,825
خلدا,bayut,140,107000,764
خلدا,bayut,185,105000,568
خلدا,bayut,141,120000,851
خلدا,bayut,300,240000,800
خلدا,bayut,220,180000,818
خلدا,bayut,224,220000,982
خلدا,bayut,220,170000,773
خلدا,bayut,150,125000,833
خلدا,bayut,90,95000,1056
خلدا,bayut,196,135000,689
خلدا,bayut,100,70000,700
خلدا,bayut,192,135000,703
خلدا,bayut,200,125000,625
خلدا,bayut,220,180000,818
خلدا,bayut,200,130000,650
خلدا,bayut,240,220000,917
خلدا,bayut,200,120000,600
خلدا,bayut,200,140000,700
خلدا,bayut,158,122000,772
خلدا,bayut,110,80000,727
خلدا,bayut,110,85000,773
خلدا,bayut,110,85000,773
خلدا,bayut,110,85000,773
خلدا,bayut,180,82000,456
خلدا,bayut,130,70000,538
خلدا,bayut,90,64000,711
خلدا,bayut,200,110000,550
خلدا,bayut,195,185000,949
خلدا,bayut,195,195000,1000
خلدا,bayut,193,100000,518
خلدا,bayut,193,105000,544
خلدا,bayut,134,65000,485
خلدا,bayut,160,87000,544
خلدا,bayut,200,125000,625
خلدا,bayut,190,129000,679
خلدا,bayut,200,125000,625
خلدا,bayut,200,110000,550
خلدا,bayut,140,78000,557
خلدا,bayut,300,255000,850
خلدا,bayut,135,105000,778
خلدا,bayut,190,175000,921
خلدا,bayut,190,100000,526
خلدا,bayut,155,78000,503
خلدا,bayut,170,78000,459
خلدا,bayut,209,95000,455
خلدا,bayut,145,70000,483
خلدا,bayut,210,160000,762
خلدا,bayut,198,138000,697
خلدا,bayut,176,95000,540
خلدا,bayut,245,185000,755
خلدا,bayut,226,137000,606
خلدا,bayut,114,82000,719
خلدا,bayut,200,165000,825
خلدا,bayut,190,185000,974
خلدا,bayut,317,295000,931
خلدا,bayut,200,150000,750
خلدا,bayut,190,190000,1000
خلدا,bayut,150,95000,633
خلدا,bayut,190,170000,895
خلدا,bayut,250,175000,700
خلدا,bayut,240,195000,812
خلدا,bayut,124,100000,806
خلدا,bayut,420,325000,774
خلدا,bayut,230,315000,1370
خلدا,bayut,200,170000,850
خلدا,bayut,200,160000,800
خلدا,bayut,150,105000,700
خلدا,bayut,188,125000,665
خلدا,bayut,213,213000,1000
خلدا,bayut,220,185000,841
خلدا,bayut,190,180000,947
خلدا,bayut,187,155000,829
خلدا,bayut,200,235000,1175
خلدا,bayut,115,50000,435
خلدا,bayut,140,78000,557
خلدا,bayut,150,125000,833
خلدا,bayut,216,250000,1157
خلدا,bayut,140,95000,679
خلدا,bayut,229,200000,873
خلدا,bayut,420,340000,810
خلدا,bayut,190,130000,684
خلدا,bayut,183,150000,820
خلدا,bayut,180,165000,917
خلدا,bayut,192,155000,807
خلدا,bayut,225,160000,711
خلدا,bayut,230,220000,957
خلدا,bayut,200,140000,700
خلدا,bayut,230,165000,717
خلدا,bayut,188,150000,798
خلدا,bayut,230,160000,696
خلدا,bayut,220,170000,773
خلدا,bayut,220,175000,795
خلدا,bayut,287,250000,871
خلدا,bayut,190,125000,658
خلدا,bayut,370,260000,703
خلدا,bayut,139,115000,827
خلدا,bayut,146,120000,822
خلدا,bayut,190,150000,789
خلدا,bayut,165,110000,667
خلدا,bayut,150,95000,633
خلدا,bayut,135,80000,593
خلدا,bayut,245,228000,931
خلدا,bayut,265,240000,906
خلدا,bayut,319,190000,596
خلدا,bayut,320,200000,625
خلدا,bayut,135,85000,630
خلدا,bayut,180,115000,639
خلدا,bayut,210,170000,810
خلدا,bayut,200,130000,650
خلدا,bayut,180,120000,667
خلدا,bayut,200,136000,680
خلدا,bayut,200,130000,650
خلدا,bayut,250,160000,640
خلدا,bayut,177,125000,706
خلدا,bayut,180,150000,833
خلدا,bayut,310,240000,774
خلدا,bayut,130,95000,731
خلدا,bayut,180,138000,767
خلدا,bayut,255,145000,569
خلدا,bayut,200,165000,825
خلدا,bayut,230,200000,870
خلدا,bayut,190,145000,763
خلدا,bayut,187,120000,642
خلدا,bayut,195,150000,769
خلدا,bayut,200,155000,775
خلدا,bayut,305,195000,639
خلدا,bayut,165,128000,776
خلدا,bayut,210,165000,786
خلدا,bayut,282,120000,426
خلدا,bayut,228,115000,504
خلدا,bayut,245,160000,653
خلدا,bayut,330,265000,803
خلدا,bayut,216,140000,648
خلدا,bayut,173,85000,491
خلدا,bayut,160,130000,812
خلدا,bayut,275,290000,1055
خلدا,opensooq,190,195000,1026
خلدا,opensooq,185,123000,665
خلدا,opensooq,223,230000,1031
خلدا,opensooq,190,89000,468
خلدا,opensooq,218,250000,1147
خلدا,opensooq,140,75000,536
خلدا,opensooq,160,105000,656
خلدا,opensooq,150,95000,633
خلدا,opensooq,240,174000,725
خلدا,opensooq,191,100000,524
خلدا,opensooq,140,110000,786
خلدا,opensooq,140,88000,629
خلدا,opensooq,150,89000,593
خلدا,opensooq,150,85000,567
خلدا,opensooq,165,125000,758
خلدا,opensooq,245,145000,592
خلدا,opensooq,310,139000,448
خلدا,opensooq,200,180000,900
خلدا,opensooq,168,73000,435
خلدا,opensooq,170,134000,788
خلدا,opensooq,210,137000,652
خلدا,opensooq,125,67500,540
خلدا,opensooq,235,225000,957
خلدا,opensooq,102,57000,559
خلدا,opensooq,355,190000,535
خلدا,opensooq,90,39000,433
خلدا,opensooq,240,105000,438
خلدا,opensooq,220,195000,886
خلدا,opensooq,600,365000,608
خلدا,opensooq,175,126000,720
خلدا,opensooq,100,105000,1050
خلدا,opensooq,190,135000,711
خلدا,opensooq,190,109000,574
خلدا,opensooq,175,128000,731
خلدا,opensooq,280,225000,804
خلدا,opensooq,160,130000,812
خلدا,opensooq,160,125000,781
خلدا,opensooq,130,95000,731
خلدا,opensooq,145,80000,552
خلدا,opensooq,185,93000,503
خلدا,opensooq,230,195000,848
خلدا,opensooq,212,95000,448
خلدا,opensooq,163,97000,595
خلدا,opensooq,370,220000,595
خلدا,opensooq,154,112000,727
خلدا,opensooq,200,180000,900
خلدا,opensooq,370,315000,851
خلدا,opensooq,225,200000,889
خلدا,opensooq,225,147000,653
خلدا,opensooq,275,190000,691
خلدا,opensooq,165,80000,485
خلدا,opensooq,150,86000,573
خلدا,opensooq,335,190000,567
خلدا,opensooq,121,85000,702
خلدا,opensooq,160,75000,469
خلدا,opensooq,235,166000,706
خلدا,opensooq,240,180000,750
خلدا,opensooq,120,41000,342
خلدا,opensooq,135,72000,533
خلدا,opensooq,180,127000,706
خلدا,opensooq,225,155000,689
خلدا,opensooq,170,118000,694
خلدا,opensooq,190,160000,842
خلدا,opensooq,105,68000,648
خلدا,opensooq,235,165000,702
خلدا,opensooq,165,107000,648
خلدا,opensooq,280,225000,804
خلدا,opensooq,110,80000,727
خلدا,opensooq,178,77000,433
خلدا,opensooq,225,145000,644
خلدا,opensooq,175,85000,486
خلدا,opensooq,138,59000,428
خلدا,opensooq,230,165000,717
خلدا,opensooq,340,127000,374
خلدا,opensooq,210,40000,190
خلدا,opensooq,230,140000,609
خلدا,opensooq,207,120000,580
خلدا,opensooq,52,51000,981
خلدا,opensooq,177,85000,480
خلدا,opensooq,250,150000,600
خلدا,opensooq,165,68000,412
خلدا,opensooq,150,95000,633
خلدا,opensooq,240,215000,896
خلدا,opensooq,240,185000,771
خلدا,opensooq,320,180000,562
خلدا,opensooq,60,80000,1333
خلدا,opensooq,120,62000,517
خلدا,opensooq,250,160000,640
خلدا,opensooq,196,98000,500
خلدا,opensooq,235,150000,638
طريق المطار,qoshan,170,130000,765
طريق المطار,qoshan,105,135000,1286
طريق المطار,qoshan,230,245000,1065
طريق المطار,qoshan,200,175000,875
طريق المطار,qoshan,173,105000,607
طريق المطار,qoshan,186,160000,860
طريق المطار,qoshan,120,110000,917
طريق المطار,qoshan,200,145000,725
طريق المطار,qoshan,213,175000,822
طريق المطار,qoshan,200,450000,2250
طريق المطار,qoshan,150,119000,793
طريق المطار,qoshan,305,220000,721
طريق المطار,qoshan,186,130000,699
طريق المطار,qoshan,150,100000,667
طريق المطار,qoshan,175,110000,629
طريق المطار,qoshan,175,115000,657
طريق المطار,qoshan,230,165000,717
طريق المطار,bayut,170,120000,706
طريق المطار,bayut,170,130000,765
طريق المطار,bayut,211,139000,659
طريق المطار,bayut,140,77000,550
طريق المطار,bayut,200,122000,610
طريق المطار,bayut,107,58000,542
طريق المطار,bayut,211,139000,659
طريق المطار,bayut,350,169000,483
طريق المطار,bayut,211,150000,711
طريق المطار,bayut,125,62000,496
طريق المطار,bayut,130,69000,531
طريق المطار,bayut,170,130000,765
طريق المطار,bayut,210,240000,1143
طريق المطار,bayut,220,185000,841
طريق المطار,bayut,200,138000,690
طريق المطار,bayut,280,220000,786
طريق المطار,bayut,240,325000,1354
طريق المطار,bayut,197,185000,939
طريق المطار,bayut,235,175000,745
طريق المطار,bayut,235,160000,681
طريق المطار,bayut,170,115000,676
طريق المطار,bayut,165,148000,897
طريق المطار,bayut,175,100000,571
طريق المطار,bayut,175,130000,743
طريق المطار,bayut,170,125000,735
طريق المطار,bayut,175,130000,743
طريق المطار,bayut,196,155000,791
طريق المطار,bayut,160,115000,719
طريق المطار,bayut,200,158000,790
طريق المطار,bayut,180,158000,878
طريق المطار,bayut,690,440000,638
طريق المطار,bayut,240,235000,979
طريق المطار,bayut,240,150000,625
طريق المطار,bayut,200,190000,950
طريق المطار,bayut,200,190000,950
طريق المطار,bayut,143,115000,804
طريق المطار,bayut,400,300000,750
طريق المطار,bayut,250,220000,880
طريق المطار,bayut,250,300000,1200
طريق المطار,bayut,240,189000,788
طريق المطار,bayut,215,179000,833
طريق المطار,bayut,206,205000,995
طريق المطار,bayut,206,190000,922
طريق المطار,bayut,200,140000,700
طريق المطار,bayut,280,205000,732
طريق المطار,bayut,195,150000,769
طريق المطار,bayut,195,150000,769
طريق المطار,bayut,180,170000,944
طريق المطار,bayut,150,150000,1000
طريق المطار,bayut,202,82000,406
طريق المطار,bayut,220,175000,795
طريق المطار,bayut,260,190000,731
طريق المطار,bayut,220,158000,718
طريق المطار,bayut,360,240000,667
طريق المطار,bayut,206,275000,1335
طريق المطار,bayut,180,175000,972
طريق المطار,bayut,165,110000,667
طريق المطار,bayut,180,80000,444
طريق المطار,bayut,255,230000,902
طريق المطار,bayut,235,210000,894
طريق المطار,bayut,210,135000,643
طريق المطار,bayut,150,88000,587
طريق المطار,bayut,175,150000,857
طريق المطار,bayut,186,165000,887
طريق المطار,bayut,270,305000,1130
طريق المطار,bayut,340,190000,559
طريق المطار,bayut,340,200000,588
طريق المطار,bayut,250,175000,700
طريق المطار,bayut,340,185000,544
طريق المطار,bayut,255,175000,686
طريق المطار,bayut,148,70000,473
طريق المطار,bayut,150,100000,667
طريق المطار,bayut,206,230000,1117
طريق المطار,bayut,185,188000,1016
طريق المطار,bayut,190,135000,711
طريق المطار,bayut,195,147000,754
طريق المطار,bayut,180,130000,722
طريق المطار,bayut,251,175000,697
طريق المطار,bayut,150,121000,807
طريق المطار,bayut,200,170000,850
طريق المطار,bayut,155,120000,774
طريق المطار,bayut,204,165000,809
طريق المطار,bayut,350,250000,714
طريق المطار,bayut,174,130000,747
طريق المطار,bayut,204,160000,784
طريق المطار,bayut,210,140000,667
طريق المطار,bayut,310,180000,581
طريق المطار,bayut,192,128000,667
طريق المطار,bayut,270,248000,919
طريق المطار,bayut,180,136000,756
طريق المطار,bayut,200,200000,1000
طريق المطار,bayut,155,115000,742
طريق المطار,bayut,200,150000,750
طريق المطار,bayut,240,190000,792
طريق المطار,bayut,160,110000,688
طريق المطار,bayut,155,130000,839
طريق المطار,bayut,163,92000,564
طريق المطار,bayut,215,88000,409
طريق المطار,bayut,146,90000,616
طريق المطار,bayut,405,250000,617
طريق المطار,bayut,200,210000,1050
طريق المطار,bayut,245,140000,571
طريق المطار,bayut,150,119000,793
طريق المطار,bayut,150,119000,793
طريق المطار,bayut,200,125000,625
طريق المطار,opensooq,250,170000,680
طريق المطار,opensooq,217,210000,968
طريق المطار,opensooq,215,195000,907
طريق المطار,opensooq,120,55000,458
طريق المطار,opensooq,210,127000,605
طريق المطار,opensooq,210,149000,710
طريق المطار,opensooq,234,250000,1068
طريق المطار,opensooq,210,139000,662
طريق المطار,opensooq,227,169000,744
طريق المطار,opensooq,225,110000,489
طريق المطار,opensooq,195,130000,667
طريق المطار,opensooq,272,280000,1029
طريق المطار,opensooq,194,170000,876
طريق المطار,opensooq,176,160000,909
طريق المطار,opensooq,175,59000,337
طريق المطار,opensooq,185,162000,876
طريق المطار,opensooq,179,112000,626
طريق المطار,opensooq,235,170000,723
طريق المطار,opensooq,210,135000,643
طريق المطار,opensooq,140,85000,607
حي الصحابة,qoshan,200,150000,750
حي الصحابة,qoshan,266,180000,677
حي الصحابة,opensooq,164,85000,518
حي الصحابة,opensooq,170,85000,500
حي الصحابة,opensooq,154,69000,448
حي الصحابة,opensooq,155,120000,774
حي الصحابة,opensooq,195,225000,1154
حي الصحابة,opensooq,160,125000,781
حي الصحابة,opensooq,217,155000,714
حي الصحابة,opensooq,220,235000,1068
حي الصحابة,opensooq,220,145000,659
الجبيهة,bayut,220,118000,536
الجبيهة,bayut,200,105000,525
الجبيهة,bayut,200,119000,595
الجبيهة,bayut,170,82000,482
الجبيهة,bayut,190,93000,489
الجبيهة,bayut,180,93000,517
الجبيهة,bayut,220,118000,536
الجبيهة,bayut,170,82000,482
الجبيهة,bayut,170,100000,588
الجبيهة,bayut,180,100000,556
الجبيهة,bayut,170,89000,524
الجبيهة,bayut,180,93000,517
الجبيهة,bayut,170,99000,582
الجبيهة,bayut,180,100000,556
الجبيهة,bayut,180,93000,517
الجبيهة,bayut,168,100000,595
الجبيهة,bayut,180,100000,556
الجبيهة,bayut,180,93000,517
الجبيهة,bayut,180,93000,517
الجبيهة,bayut,120,60000,500
الجبيهة,bayut,197,120000,609
الجبيهة,bayut,206,115000,558
الجبيهة,bayut,150,100000,667
الجبيهة,bayut,280,127000,454
الجبيهة,bayut,96,40000,417
الجبيهة,bayut,220,110000,500
الجبيهة,bayut,220,110000,500
الجبيهة,bayut,125,80000,640
الجبيهة,bayut,167,69000,413
الجبيهة,bayut,200,135000,675
الجبيهة,bayut,118,100000,847
الجبيهة,bayut,290,225000,776
الجبيهة,bayut,186,95000,511
الجبيهة,bayut,175,140000,800
الجبيهة,bayut,185,105000,568
الجبيهة,bayut,150,100000,667
الجبيهة,bayut,180,88000,489
الجبيهة,bayut,175,99000,566
الجبيهة,bayut,360,280000,778
الجبيهة,bayut,145,90000,621
الجبيهة,bayut,176,95000,540
الجبيهة,bayut,160,83000,519
الجبيهة,bayut,150,85000,567
الجبيهة,bayut,170,100000,588
الجبيهة,bayut,155,137000,884
الجبيهة,bayut,150,100000,667
الجبيهة,bayut,110,115000,1045
الجبيهة,bayut,180,93000,517
الجبيهة,bayut,240,130000,542
الجبيهة,bayut,250,70000,280
الجبيهة,bayut,150,110000,733
الجبيهة,bayut,195,150000,769
الجبيهة,bayut,125,70000,560
الجبيهة,bayut,171,100000,585
الجبيهة,bayut,172,98000,570
الجبيهة,bayut,147,75000,510
الجبيهة,bayut,285,150000,526
الجبيهة,bayut,190,125000,658
الجبيهة,bayut,154,70000,455
الجبيهة,bayut,164,92000,561
الجبيهة,bayut,180,95000,528
الجبيهة,bayut,250,130000,520
الجبيهة,bayut,411,370000,900
الجبيهة,bayut,150,90000,600
الجبيهة,bayut,78,60000,769
الجبيهة,bayut,191,90000,471
الجبيهة,bayut,182,113000,621
الجبيهة,bayut,132,57000,432
الجبيهة,bayut,180,125000,694
الجبيهة,bayut,170,90000,529
الجبيهة,bayut,142,65000,458
الجبيهة,bayut,208,125000,601
الجبيهة,bayut,211,130000,616
الجبيهة,bayut,208,110000,529
الجبيهة,bayut,200,55000,275
الجبيهة,bayut,139,55000,396
الجبيهة,bayut,121,55000,455
الجبيهة,bayut,186,55000,296
الجبيهة,bayut,130,55000,423
الجبيهة,bayut,200,55000,275
الجبيهة,bayut,121,55000,455
الجبيهة,bayut,121,55000,455
الجبيهة,bayut,200,98000,490
الجبيهة,bayut,166,95000,572
الجبيهة,bayut,200,105000,525
الجبيهة,bayut,127,75000,591
الجبيهة,bayut,122,75000,615
الجبيهة,bayut,160,92000,575
الجبيهة,bayut,120,78000,650
الجبيهة,bayut,120,71500,596
الجبيهة,bayut,99,60500,611
الجبيهة,bayut,134,84500,631
الجبيهة,bayut,160,88000,550
الجبيهة,opensooq,200,125000,625
الجبيهة,opensooq,190,130000,684
الجبيهة,opensooq,195,125000,641
الجبيهة,opensooq,195,125000,641
الجبيهة,opensooq,196,135000,689
الجبيهة,opensooq,213,135000,634
الجبيهة,opensooq,165,95000,576
الجبيهة,opensooq,210,115000,548
الجبيهة,opensooq,180,94000,522
الجبيهة,opensooq,174,95000,546
الجبيهة,opensooq,202,95000,470
الجبيهة,opensooq,177,88000,497
الجبيهة,opensooq,180,87000,483
الجبيهة,opensooq,185,105000,568
الجبيهة,opensooq,140,58000,414
الجبيهة,opensooq,150,65000,433
الجبيهة,opensooq,131,68000,519
الجبيهة,opensooq,160,95000,594
الجبيهة,opensooq,120,62000,517
الجبيهة,opensooq,140,55000,393
الجبيهة,opensooq,165,84000,509
الجبيهة,opensooq,130,61000,469
الجبيهة,opensooq,145,79000,545
الجبيهة,opensooq,150,68000,453
الجبيهة,opensooq,150,75000,500
الجبيهة,opensooq,183,95000,519
الجبيهة,opensooq,121,50000,413
الجبيهة,opensooq,150,77000,513
الجبيهة,opensooq,165,85000,515
الجبيهة,opensooq,175,110000,629
الجبيهة,opensooq,175,110000,629
الجبيهة,opensooq,90,50000,556
الجبيهة,opensooq,185,85000,459
الجبيهة,opensooq,90,39000,433
الجبيهة,opensooq,207,100000,483
الجبيهة,opensooq,244,155000,635
الجبيهة,opensooq,185,90000,486
الجبيهة,opensooq,145,72000,497
الجبيهة,opensooq,160,70000,438
الجبيهة,opensooq,160,55000,344
الجبيهة,opensooq,190,85000,447
الجبيهة,opensooq,185,95000,514
الجبيهة,opensooq,150,69000,460
الجبيهة,opensooq,153,47000,307
الجبيهة,opensooq,180,80000,444
شفا بدران,bayut,171,85000,497
شفا بدران,bayut,150,128000,853
شفا بدران,bayut,186,75000,403
شفا بدران,bayut,175,105000,600
شفا بدران,bayut,175,86000,491
شفا بدران,bayut,175,86000,491
شفا بدران,bayut,175,86000,491
شفا بدران,bayut,175,105000,600
شفا بدران,bayut,144,74000,514
شفا بدران,bayut,112,55000,491
شفا بدران,bayut,173,85000,491
شفا بدران,bayut,150,67000,447
شفا بدران,bayut,149,115000,772
شفا بدران,bayut,520,275000,529
شفا بدران,bayut,143,70000,490
شفا بدران,bayut,130,70000,538
شفا بدران,bayut,190,75000,395
شفا بدران,bayut,186,85000,457
شفا بدران,bayut,150,64000,427
شفا بدران,bayut,170,75000,441
شفا بدران,bayut,170,65000,382
شفا بدران,bayut,150,67000,447
شفا بدران,bayut,125,85000,680
شفا بدران,bayut,164,70000,427
شفا بدران,bayut,150,70000,467
شفا بدران,bayut,115,56000,487
شفا بدران,bayut,115,56000,487
شفا بدران,bayut,97,43000,443
شفا بدران,bayut,97,43000,443
شفا بدران,bayut,90,45000,500
شفا بدران,bayut,150,95000,633
شفا بدران,bayut,123,55000,447
شفا بدران,bayut,143,55000,385
شفا بدران,bayut,144,57000,396
شفا بدران,bayut,150,74000,493
شفا بدران,bayut,553,550000,995
شفا بدران,bayut,170,76000,447
شفا بدران,bayut,183,82000,448
شفا بدران,bayut,90,38000,422
شفا بدران,bayut,120,50000,417
شفا بدران,opensooq,154,93000,604
شفا بدران,opensooq,180,84000,467
شفا بدران,opensooq,180,101000,561
شفا بدران,opensooq,170,97000,571
شفا بدران,opensooq,180,105000,583
شفا بدران,opensooq,195,92000,472
شفا بدران,opensooq,160,82000,512
شفا بدران,opensooq,200,88000,440
شفا بدران,opensooq,175,104000,594
شفا بدران,opensooq,180,88000,489
شفا بدران,opensooq,170,79000,465
شفا بدران,opensooq,210,98000,467
شفا بدران,opensooq,230,115000,500
شفا بدران,opensooq,158,59000,373
شفا بدران,opensooq,140,69000,493
شفا بدران,opensooq,225,82000,364
شفا بدران,opensooq,160,77000,481
شفا بدران,opensooq,206,95000,461
شفا بدران,opensooq,154,70000,455
شفا بدران,opensooq,185,112000,605
شفا بدران,opensooq,160,88000,550
شفا بدران,opensooq,250,120000,480
شفا بدران,opensooq,150,62000,413
شفا بدران,opensooq,165,76000,461
شفا بدران,opensooq,183,110000,601
شفا بدران,opensooq,182,117000,643
شفا بدران,opensooq,160,80000,500
شفا بدران,opensooq,200,75000,375
شفا بدران,opensooq,220,149000,677
شفا بدران,opensooq,185,75000,405
شفا بدران,opensooq,145,59000,407
شفا بدران,opensooq,142,64000,451
شفا بدران,opensooq,165,90000,545
شفا بدران,opensooq,150,128000,853
شفا بدران,opensooq,170,107000,629
شفا بدران,opensooq,171,82000,480
شفا بدران,opensooq,180,88000,489
شفا بدران,opensooq,150,65000,433
شفا بدران,opensooq,170,127000,747
شفا بدران,opensooq,205,50000,244
