area,source,size_m2,price_jod,price_per_m2,title
أم السماق,qoshan,120,95000,792,شقق 120متر بمواصفات عالية في أم السماق
أم السماق,qoshan,140,110000,786,أخير مع رووف استثماري في أم السماق
أم السماق,qoshan,181,140000,773,أرضية مع حديقة على مستوى الشارع في أم السماق
أم السماق,qoshan,200,175000,875,أخير مع رووف بتشطيبات خاصة في أم السماق
أم السماق,qoshan,200,230000,1150,شقق أرضية 200م مع تراسات وحدائق في أم السماق
أم السماق,qoshan,100,90000,900,100م مفروشة فرش فاخر في ام السماق
أم السماق,qoshan,250,230000,920,شقة أخير مع رووف دوبلكس 250م في أم السماق
أم السماق,qoshan,240,200000,833,طابق اخير 240م بموقع مميز في ام السماق
أم السماق,qoshan,265,240000,906,أخير مع رووف بإطلالة مميزة وتشطيبات عالية في ام السماق
أم السماق,qoshan,301,220000,731,أخير مع رووف 301م دوبلكس خلف سيتي مول
أم السماق,qoshan,286,210000,734,شقة مفروشة دوبلكس مع رووف باطلالة مميزة
أم السماق,qoshan,230,230000,1000,شقق مميزة وبمساحات مختلفة في أم السماق
أم السماق,qoshan,265,300000,1132,طابقية أرضية مميزة للبيع ش.عبدالله غوشة
أم السماق,qoshan,325,145000,446,شقة أرضية بمساحة ١٥٨متر في ام السماق
أم السماق,bayut,300,140000,467,"4 Bedrooms Apartment For Sale Um Al Summaq, Amman"
أم السماق,bayut,215,110000,512,"4 Bedrooms Apartment For Sale Um Al Summaq, Amman"
أم السماق,bayut,170,130000,765,"3 Bedrooms Apartment For Sale Um Al Summaq, Amman"
أم السماق,bayut,165,75000,455,3 Bedrooms Apartment For Sale Um Al Summaq Amman
أم السماق,bayut,230,189000,822,"4 Bedrooms Apartment For Sale Um Al Summaq, Amman"
أم السماق,bayut,290,245000,845,"4 Bedrooms Apartment For Sale Um Al Summaq, Amman"
أم السماق,bayut,300,175000,583,"4 Bedrooms Apartment For Sale Um Al Summaq, Amman"
أم السماق,bayut,180,225000,1250,"3 Bedrooms Apartment For Sale in Um Al Summaq, Amman"
أم السماق,bayut,220,225000,1023,Duplex last floor with roof for sale in Umm Al-Summaq 270m
أم السماق,bayut,200,250000,1250,Duplex last floor with roof for sale in Umm Al-Summaq 250m
أم السماق,bayut,235,230000,979,Luxury Apartment For Sale In Um Al Summaq
أم السماق,bayut,228,250000,1096,Apartment with garden 2023 for sale in Um AlSummaq 228m
أم السماق,bayut,228,170000,746,Apartment 2023 with view for sale in Um AlSummaq 228m
أم السماق,bayut,262,250000,954,Duplex last floor with roof apartment for sale in Um Al-Summaq 262m
أم السماق,bayut,200,120000,600,3rd floor apartment for sale in Um Al-Summaq 200m
أم السماق,bayut,268,165000,616,Apartment For Sale In Um Al Summaq
أم السماق,bayut,236,100000,424,Apartment For Sale In Um Al Summaq
أم السماق,bayut,165,65000,394,1st floor apartment for sale in Um Al Summaq building area of 165m
أم السماق,bayut,182,160000,879,Ground floor with garden apartment for sale in Um Al-Summaq 182m
أم السماق,bayut,186,125000,672,1st floor apartment for sale in Um Al-Summaq 186m
أم السماق,bayut,186,125000,672,3rd floor apartment for sale in Um Al-Summaq 186m
أم السماق,bayut,350,270000,771,Duplex ground floor apartment for sale in Um Al-Summaq 350m
أم السماق,bayut,350,300000,857,Flat and duplex last floor with roof for sale in Um Al-Summaq 470m
أم السماق,bayut,420,270000,643,Triplex ground floor apartment for sale in Um Al-Summaq 420m
أم السماق,bayut,212,160000,755,Ground floor with garden for for-sale in Um Al-Summaq building area 212m
أم السماق,bayut,201,140000,697,Ground floor with terrace for for-sale in Um Al Summaq building area 201m
أم السماق,bayut,250,155000,620,شقة للبيع في ام السماق
أم السماق,bayut,165,155000,939,"Ground floor apartment with outdoor space for sale in Um AlSummaq, building area 165 m, external area 35 m"
أم السماق,bayut,200,175000,875,A last with roof apartment for sale in Um AlSummaq with a total builtup area of 200 m
أم السماق,bayut,237,195000,823,Ground floor apartment with terrace for sale in Umm AlSummaq with a building area of 237
أم السماق,bayut,160,90000,562,شقة شبه ارضي للبيع في اجمل مناطق ام السماق - مساحة 100 مع تراس 60 متر
أم السماق,bayut,180,98000,544,
أم السماق,bayut,190,175000,921,"Ground floor apartment with garden for sale in Um AlSummaq, building area 190m garden 20m"
أم السماق,bayut,190,205000,1079,شقة مع رووف دوبلكس 4 نوم جديده في ام السماق
أم السماق,bayut,80,95000,1188,ام السماق شقة شبه ارضية مشمسة للبيع مع ترس 80 متر
أم السماق,bayut,135,165000,1222,شقة مع رووف ( دوبلكس ) جديدة للبيع في ام السماق
أم السماق,bayut,170,145000,853,أم سماق شقة طابق أول للبيع جديدة 170 متر
أم السماق,bayut,120,102000,850,شقة طابق ثاني للبيع جديدة في أم سماق 3 نوم
أم السماق,bayut,135,115000,852,أم سماق شقة طابق أول للبيع جديدة مكونه من 3 نوم
أم السماق,bayut,100,78000,780,شقة للبيع جديدة في ام السماق 100 متر
أم السماق,bayut,260,250000,962,شقة شبه أرضي مع حديقة و كراج خاص في ام السماق
أم السماق,bayut,180,190000,1056,للبيع شقة فخمة ( ملوكيه ) جديدة في ام السماق
أم السماق,bayut,200,170000,850,شقة أرضية مع ترس للبيع في ام السماق جديدة 200 متر
أم السماق,bayut,194,160000,825,شقة للبيع في ام السماق طابق ارضي مساحة البناء 194 م مساحة الترس 70 م
أم السماق,bayut,200,185000,925,شقة للبيع في ام السماق طابق ارضي مساحة البناء 200 م مساحة الترس 160
أم السماق,bayut,194,150000,773,شقة للبيع في ام السماق طابق ارضي مساحة البناء 194 م مساحة الترس 26 م
أم السماق,bayut,220,130000,591,"Semi ground apartment with garden for sale in the Um Al Summaq, building area 220"
أم السماق,bayut,100,85000,850,للبيع شقة استثمارية في ام السماق مساحة 100 متر
أم السماق,bayut,200,160000,800,أم السماق شقة مع حديقة وكراج خاص جديدة للبيع
أم السماق,bayut,230,175000,761,شقة جديدة للبيع 4 نوم طابق اول في ام السماق
أم السماق,bayut,170,145000,853,للبيع شقة أرضية جديدة مع تراسات في ام السماق
أم السماق,bayut,200,190000,950,شقة فاخرة في أجمل مناطق أم السماق بتشطيبات عالية الجودة
أم السماق,bayut,190,140000,737,"Fourth-floor apartment for sale in the most beautiful areas of Um Al Summaq, building area 190 m2"
أم السماق,bayut,190,140000,737,Fourth-floor apartment for sale in the most beautiful areas of Um Al Summaq | 190 SQM
أم السماق,bayut,200,157000,785,Luxurious new fully furnished royal apartment for sale | Um Al Summaq
أم السماق,bayut,207,185000,894,Ground floor apartment for sale in Um Al Summaq  | 207 SQM
أم السماق,bayut,225,185000,822,Duplex apartment with roof for sale in Um Al Summaq
أم السماق,bayut,240,190000,792,شقة أرضية دوبلكس في ام السماق الشمالي للبيع مساحة 240 م2
أم السماق,bayut,180,135000,750,Brand New apartment for sale in Um Al Summaq | 180 SQM
أم السماق,bayut,141,86000,610,"Luxury apartment for sale in Um Al Summaq, area of ​​| 141 SQM new first floor"
أم السماق,bayut,150,105000,700,Apartment for sale in Um Al Summaq | 150 SQM
أم السماق,bayut,190,160000,842,شقة طابق ثاني في ام السماق الشمالي للبيع | 190م 2
أم السماق,bayut,230,180000,783,شقة طابق رابع في ام السماق الشمالي للبيع مساحة 230 م2
أم السماق,bayut,168,130000,774,شقة طابق ثالث في ام السماق الشمالي للبيع | 168م2
أم السماق,bayut,160,115000,719,شقة طابق ثاني في ام السماق الشمالي للبيع | 160م 2
أم السماق,bayut,525,260000,495,شقة طابق اخير مع روف للبيع في الاردن - عمان - ام السماق بمساحة 525م 
أم السماق,bayut,320,175000,547,رووف للبيع في الاردن -عمان - ام السماق مساحه 320م  
أم السماق,bayut,250,137000,548,شقه طابق ثالث  للبيع في الاردن -عمان - ام السماق مساحه 250م
أم السماق,bayut,136,140000,1029,شقة طابق ثالث للبيع في الاردن - عمان - ام السماق  مساحة 136م
أم السماق,bayut,235,230000,979,شقه شبه ارضيه للبيع في الاردن - عمان -ام السماق  بمساحه 235 متر 
أم السماق,bayut,180,113000,628,شقه طابق ثالث  للبيع في الاردن - عمان - ام السماق بمساحه 180م
أم السماق,bayut,150,97000,647,شقه طابق اول  للبيع في الاردن - عمان - ام السماق بمساحه 150م 
أم السماق,bayut,150,125000,833,شقه طابق ارضي للبيع في الاردن - عمان - ام السماق  بمساحه 150م
أم السماق,bayut,195,135000,692,شقة طابق تاني   للبيع في الاردن - عمان - ام السماق مساحة 195م
أم السماق,bayut,170,115000,676,شقة طابق اول للبيع في الاردن- عمان - ام السماق بمساحه 170م
أم السماق,bayut,167,99000,593,شقة طابق تاني  للبيع في الاردن - عمان - ام السماق مساحة 167م
أم السماق,bayut,207,128000,618,شقة طابق تاني للبيع في الاردن - عمان - ام السماق مساحة 207م
أم السماق,bayut,170,75000,441,شقه طابق اول  للبيع في الاردن - عمان - ام السماق بمساحه 170م 
أم السماق,bayut,228,150000,658,شقه طابق اول  للبيع في الاردن - عمان - ام السماق بمساحه 228م 
أم السماق,bayut,140,135000,964,شقه طابق ثاني للبيع في الاردن - عمان - ام السماق بمساحه 140م
أم السماق,bayut,130,135000,1038,شقه طابق ارضي للبيع في الاردن -عمان - ام السماق بمساحه 130م
أم السماق,bayut,330,295000,894,شقه دوبلكس (تسويه -ارضي) طابقية للبيع في ام السماق بمساحه 330 متر
أم السماق,bayut,245,195000,796,شقه طابق اخير مع روف للبيع في الاردن - عمان - ام السماق 245م
أم السماق,bayut,225,190000,844,شقه طابق اول للبيع في الاردن - عمان - ام السماق بمساحه 225م
أم السماق,bayut,170,160000,941,طابق ارضي معلق للبيع في الاردن - عمان - ام السماق بمساحه 170 متر 
أم السماق,bayut,110,85000,773,شقه مفروشه تسويه للبيع في الاردن - عمان - ام السماق بمساحه 110 متر 
أم السماق,bayut,230,130000,565,شقة طابق ثالث للبيع في الاردن - عمان - ام السماق بمساحة 230 م
أم السماق,bayut,175,115000,657,شقه شبه ارضي للبيع في الاردن - عمان - ام السماق مساحه 175 م
أم السماق,bayut,181,160000,884,شقه طابق ثالث للبيع في الاردن - عمان - ام السماق مساحه 181 م
أم السماق,bayut,110,70000,636,شقة تسويه للبيع في الاردن - عمان  ام السماق مساحة 110م
أم السماق,bayut,158,130000,823,شقه مميزه طابق ارضي للبيع في ام السماق مساحتها 158 م 
أم السماق,bayut,275,290000,1055,شقه طابق ارضي للبيع في الاردن - عمان -  ام السماق مساحتها 275 متر 
أم السماق,bayut,175,155000,886,شقه طابق ارضي للبيع في الاردن - عمان - ام السماق مساحتها 175م 
أم السماق,bayut,143,135000,944,شقه طابق ارضي للبيع في ام السماق مساحتها 143 متر 
أم السماق,bayut,177,170000,960,شقه طابق ثالث للبيع في الاردن - عمان - ام السماق مساحتها 177 م
أم السماق,bayut,148,130000,878,شقه شبه ارضي للبيع في الاردن -عمان -  ام السماق مساحه 148 متر 
أم السماق,bayut,150,114000,760,شقه طابق ارضي للبيع في الاردن - عمان - ام السماق مساحة 150م
أم السماق,bayut,175,130000,743,شقه طابق اول للبيع في الاردن - عمان - ام السماق    
أم السماق,bayut,240,250000,1042,شقه دوبلكس (تسويه -ارضي) للبيع في ام السماق بمساحه 240 متر 
أم السماق,bayut,240,240000,1000,شقه طابقيه(ارضيه) للبيع في ام السماق بمساحه 240 متر 
أم السماق,bayut,232,170000,733,شقه طابق ثالث للبيع في الاردن - عمان - ام السماق بمساحه 232 متر
أم السماق,bayut,261,130000,498,طابق ثالث (طابقيه ) للبيع في الاردن - عمان - ام السماق بمساحه 261م 
أم السماق,bayut,220,110000,500,شقه شبه ارضي للبيع في الاردن - عمان - ام السماق بمساحه 220 متر 
أم السماق,bayut,180,215000,1194,شقه طابق ارضي للبيع في الاردن - عمان - ام السماق بمساحه 180م
أم السماق,bayut,250,225000,900,شقه شبه ارضي للبيع في الاردن - عمان - ام السماق بمساحه 250 متر 
أم السماق,bayut,200,140000,700,شقه شبه ارضيه للببيع في الاردن - عمان - ام السماق بمساحه 200م
أم السماق,bayut,140,100000,714,شقه طابق ثالث للبيع في الاردن - عمان - ام السماق بمساحه 140 متر 
أم السماق,bayut,200,140000,700,شقه طابق اول للبيع في الاردن - عمان - ام السماق بمساحه 200م
أم السماق,bayut,340,195000,574,شقه طابق ثالث للبيع في الاردن - عمان - ام السماق بمساحه 340م 
أم السماق,bayut,180,160000,889,شقه طابق ارضي للبيع في الاردن - عمان - شارع المدينه المنوره بمساحه 180 متر
أم السماق,bayut,150,130000,867,شقه شبه ارضي  للبيع في الاردن - عمان - ام السماق بمساحه 150م
أم السماق,bayut,224,240000,1071,شقه شبه ارضيه للبيع في الاردن - عمان - ام السماق بمساحه 224م 
أم السماق,bayut,130,83000,638,شقه طابق اول للبيع في الاردن - عمان - ام السماق بمساحه 130م 
أم السماق,bayut,211,185000,877,شقه طابق ارضي للبيع في الاردن - عمان - ام السماق بمساحه 211م 
أم السماق,bayut,200,195000,975,شقه شبه ارضيه للبيع في الاردن - عمان - ام السماق بمساحه 200متر 
أم السماق,bayut,255,130000,510,شقه تسويه للبيع في الاردن - عمان - ام السماق بمساحه 255متر
أم السماق,bayut,225,230000,1022,شقه طابق ارضي للبيع في الاردن - عمان - ام السماق بمساحه 225متر 
أم السماق,bayut,206,190000,922,شقه طابق اخير مع روف للبيع في الاردن - عمان - ام السماق 206م 
أم السماق,bayut,200,155000,775,شقه شبه ارضي للبيع في الاردن - عمان - ام السماق بمساحه 200م 
أم السماق,bayut,210,190000,905,طابق اخير مع روف للبيع في الاردن - عمان - ام السماق بمساحه 210م
أم السماق,bayut,240,125000,521,شقه طابق ثالث للبيع في الاردن - عمان - شارع مكه بمساحه 240م 
أم السماق,bayut,135,122000,904,شقه طابق ارضي معلق للبيع في الاردن - عمان - ام السماق بمساحه 135م
أم السماق,bayut,307,285000,928,شقه طابقيه للبيع في الاردن - عمان - ام السماق بمساحه 307م
أم السماق,bayut,130,130000,1000,شقه طابق ارضي للبيع في الاردن - عمان - ام السماق بمساحه 130م
أم السماق,bayut,180,165000,917,شقه طابق اول للبيع في الاردن - عمان - ام السماق بمساحه 180م 
أم السماق,bayut,225,220000,978,شقه طابق اخير مع روف في الاردن - عمان - ام السماق بمساحه225م 
أم السماق,bayut,200,165000,825,شقه طابق ارضي معلق للبيع في الاردن - عمان - ام السماق بمساحه 200م
أم السماق,bayut,135,120000,889,شقه طابق ارضي للبيع في الاردن -عمان - ام السماق بمساحه 135م
أم السماق,bayut,187,190000,1016,شقة مفروشة وفاخرة للبيع في أم السماق | 187 م2
أم السماق,bayut,150,138000,920,شقق للبيع في ام السماق | الرقم المرجعي:UID000338
أم السماق,bayut,186,180000,968,شقة طابق اول للبيع في ام السماق | الرقم المرجعي:UID000551
أم السماق,bayut,150,137500,917,شقه مميزه للبيع الطابق الاخير | الرقم المرجعي:UID000709
أم السماق,bayut,225,220000,978,شقتين للبيع بنفس المواصفات الطابق الثاني والثالث | الرقم المرجعي:UID000708
أم السماق,bayut,177,173000,977,شقق للبيع في مناطقة فلل في ام السماق | الرقم المرجعي:UID000724
أم السماق,bayut,110,75000,682,شقة راقية للبيع في الأردن – عمان – في أجمل مناطق أم السماق | الرقم المرجعي:UID000861
أم السماق,bayut,190,165000,868,شقق فاخرة في أجمل مناطق أم السماق بتشطيبات عالية الجودة | الرقم المرجعي:UID000947
أم السماق,bayut,235,265000,1128,شقة أرضية فاخرة للبيع في أجمل مناطق أم السماق مع حديقة وتراس | الرقم المرجعي:UID000959
أم السماق,bayut,110,75000,682,شقة طابق ثالث فاخرة للبيع في أجمل مناطق أم السماق مع إطلالة رائعة | الرقم المرجعي:UID000952
أم السماق,bayut,127,90000,709,شقة فاخرة للبيع في أجمل مناطق أم السماق، في مقابل الكراجات الخلفية لمكة مول | الرقم المرجعي:UID000951
أم السماق,bayut,190,210000,1105,شقة أرضية فاخرة في أجمل مناطق أم السماق مع حديقة وتراس | الرقم المرجعي:UID000981
أم السماق,bayut,190,160000,842,شقق قيد الانشاء للبيع في ارقى مناطق ام السماق | الرقم المرجعي:UID000854
أم السماق,bayut,280,230000,821,Last floor apartment with roof for sale in the highest area of Um Al Summaq
أم السماق,bayut,200,230000,1150,Distinctive ground floor apartment for sale in Um Al Summaq
أم السماق,bayut,140,180000,1286,شقة مفروشة طابق ثاني في ام السماق للبيع مساحة 140م  | الرقم المرجعي : 125
أم السماق,bayut,200,230000,1150,Semi-ground apartment for sale in Um Al Summaq
أم السماق,bayut,341,440000,1290,شقة فاخرة مفروشة للبيع في اجمل مناطق ام السماق مساحة البناء 341 م
أم السماق,bayut,195,200000,1026,Duplex Apartment With Roof For Sale
أم السماق,bayut,150,118000,787,شقة ارضية جديدة لم تسكن للبيع في الاردن - عمان - ام السماق
أم السماق,bayut,225,225000,1000,Apartment For Sale In Um Al Summaq
أم السماق,bayut,190,190000,1000,Apartment For Sale In Um Al Summaq
أم السماق,bayut,205,165000,805,Apartment For Sale In Um Al Summaq
أم السماق,bayut,190,120000,632,Apartment For Sale In Um Al Summaq
أم السماق,bayut,208,125000,601,Apartment for sale in Um Al Summaq
أم السماق,bayut,502,175000,349,Apartment for sale in Rabia
أم السماق,bayut,375,320000,853,أرض للبيع في أجمل مناطق مرج الحمام بمساحة 892م موقع مميز و مطل بسعر مغري
أم السماق,bayut,340,306000,900,أرض تجارية في مرج الحمام بمساحة دونم على شارعين بسعر مغري
أم السماق,bayut,450,425000,944,الوصف، مزرعة للبيع لاصحاب الذوق الرفيع في زبود وسيل الحسبان بمساحة 4 دونم، ذات موقع مرتفع و مميز و مطل ،واصل جميع الخدمات، يوجد فيلا فخمة و مسبح مميز بمساحة 450 متر يوجد بها بركة سباحة، معدات خارجية، مطبخ + حمام+غرفة حارس، إسطبل خيل، باربيكيو، مست
أم السماق,bayut,430,300000,698,أرض للبيع في ناعور المساحة (10،213) ذات موقع مميز وبالقرب من الخدمات واجهة 45متر 
أم السماق,bayut,288,195000,677,أرض للبيع في الأردن - عمان - ناعور  المساحة 750 م ذات موقع مميز
أم السماق,bayut,245,208000,849,فيلا مستقلة للبيع في أجمل مناطق مرج الحمام بمساحة الأرض 1050 م مساحة البناء 550 م
أم السماق,bayut,250,230000,920,أرض في مرج الحمام ذات اطلالة رائعة المساحة 870م واصل كافة الخدمات على شارعين محاطة بالفلل والقصور
أم السماق,bayut,180,215000,1194,فيلا مستقلة للبيع في منطقة مرج الحمام بمساحة الأرض1289م البناء700م تشطيبات سوبر ديلوكس
أم السماق,bayut,240,260000,1083,أرض للبيع في أجمل مناطق ناعور المساحة 85،800دونم ذات موقع مميز وبالقرب من الخدمات واجهة ،55متر على شارع 
أم السماق,bayut,200,245000,1225,شقة للبيع في أم السماق الطابق، الأرضي المساحة: داخلي (200م) – خارجي (250م)
أم السماق,bayut,140,95000,679,شقة للبيع
أم السماق,bayut,120,85000,708,بحمد الله تبقى 3 شقق ارضية ابتداءا من 85 الف جديدة خلف ماكدونالدز شارع. عبدالله غوشة 90م 120م من المالك مباشرة
أم السماق,bayut,183,190000,1038,ام السماق شقة ارضية للبيع مفروشة مع ترس كبير
أم السماق,bayut,180,225000,1250,ام السماق شقه ارضيه مع حديقة كراج خاص للبيع 4 نوم
أم السماق,bayut,150,155000,1033,Apartment for sale
أم السماق,bayut,80,75000,938,شقة مفروشة فاخرة للبيع في ام السماق
أم السماق,bayut,150,92000,613,شقه فخمه للبيع في خلدا
أم السماق,bayut,300,200000,667,Apartment for sale
أم السماق,bayut,140,115000,821,شقة ارضية معها تراس مميزة للبيع
أم السماق,bayut,186,120000,645,شقه مساحه 186م للبيع
أم السماق,bayut,164,105000,640,شقة للبيع مساحة 164 م ام السماق الجنوبي 3 نوم
أم السماق,bayut,150,105000,700,Apartment for sale
أم السماق,bayut,136,72000,529,للبيع شقة طابق 3 في ام السماق الشمالي مساحة 135م من 3 غرف و2 حمام وصاله ومطبخ راكب وصالون حرف L بعمر 15 سنة مجددة ومحدثة ومشطبة بالكامل
أم السماق,bayut,206,125000,607,ام السماق الشمالي
أم السماق,bayut,118,90000,763,شقة للبيع
أم السماق,bayut,230,130000,565,شقه للبيع بام السماق
أم السماق,bayut,180,165000,917,شقه للبيع
أم السماق,bayut,120,49000,408,أم السماق
ضاحية النخيل,qoshan,225,145000,644,طابق ثاني 225م في حي النخيل
ضاحية النخيل,qoshan,210,155000,738,شقة 210م مع مطبخ راكب في ضاحية النخيل
ضاحية النخيل,qoshan,230,210000,913,أرضية 3 نوم مع حديقة ومدخل مستقل في النخيل
ضاحية النخيل,qoshan,192,140000,729,طابق أخير 192م بموقع مميز في ضاحية النخيل
ضاحية النخيل,qoshan,200,168000,840,شقة أرضية مع ترس و مدخل مستقل في ضاحية النخيل
ضاحية النخيل,qoshan,245,215000,878,أرضية 4 نوم على مستوى الشارع في ضاحية النخيل
ضاحية النخيل,qoshan,173,145000,838,173م مع حديقة كبيرة وكراج مستقل في ضاحية النخيل
ضاحية النخيل,qoshan,220,190000,864,شبه أرضي 4 نوم مع حديقة كبيرة في ضاحية النخيل
ضاحية النخيل,qoshan,335,240000,716,أخير مع رووف بأرقى أحياء ضاحية النخيل
ضاحية النخيل,qoshan,350,240000,686,أخير مع رووف بحي هادئ في ضاحية النخيل
ضاحية النخيل,qoshan,200,170000,850,شبه أرضية مع حديقة ومدخل مستقل في النخيل
ضاحية النخيل,qoshan,200,190000,950,طابق أخير مع رووف تحت الإنشاء في ضاحية النخيل
ضاحية النخيل,qoshan,200,125000,625,طابق أول وثاني 200 متر في ضاحية النخيل
ضاحية النخيل,qoshan,180,143000,794,شقق بمساحة 180 متر للبيع في ضاحية النخيل
ضاحية النخيل,qoshan,180,450000,2500,شقق بتشطيبات مميزة ومساحات مختلفة في ضاحية النخيل
ضاحية النخيل,qoshan,185,175000,946,شقة مع روف بإطلالة مميزة على عمان الغربية في ضاحية النخيل
ضاحية النخيل,qoshan,210,175000,833,أخير 210 متر مع رووف في ضاحية النخيل
ضاحية النخيل,qoshan,275,230000,836,شقة أرضية دوبلكس 275م في ضاحيه النخيل
ضاحية النخيل,qoshan,167,150000,898,شبه أرضي 167م مع حديقة 200م في قرية النخيل
ضاحية النخيل,qoshan,190,165000,868,شقق 190م مميزة للبيع في خربة سكا
ضاحية النخيل,qoshan,185,145000,784,شقة 185م طابق أخير مع رووف في ضاحية النخيل
ضاحية النخيل,qoshan,239,180000,753,شقق 239 متر في أرقى أحياء ضاحية النخيل
ضاحية النخيل,qoshan,220,230000,1045,شقة أرضية مع حديقة في ضاحية النخيل
ضاحية النخيل,qoshan,180,165000,917,شقة مميزة بمساحة 180 متر في ضاحية النخيل
ضاحية النخيل,qoshan,170,135000,794,شقة 170 متر مع رووف 100 متر في ضاحية النخيل
ضاحية النخيل,qoshan,231,165000,714,شبه أرضي 231م مع حديقة 134م في ضاحية النخيل
ضاحية النخيل,qoshan,158,165000,1044,شقة 158 متر مع رووف 115 متر في قرية النخيل
ضاحية النخيل,opensooq,200,150000,750,شقق أرضية و طوابق مكررة جديدة للبيع ضاحية النخيل مساحات 200م تشطيبات ديكورات فاخرة اطلالة جميلة
ضاحية النخيل,opensooq,273,180000,659,شقة اخير مع روف دوبلكس باطلالة عالية للبيع في قرية النخيل بمساحة اجمالية 273م
ضاحية النخيل,opensooq,250,170000,680,شقة للبيع 250م طابق مكرر – ضاحية النخيل طريق المطار
ضاحية النخيل,opensooq,250,170000,680,شقه طابق اول للبيع في طريق المطار قريه النخيل  مساحه 250 متر 4غرف نوم
ضاحية النخيل,opensooq,175,160000,914,شقة شبه ارضي للبيع 175م مع ترس كبير 220م ومدخل مستقل – ضاحية النخيل
ضاحية النخيل,opensooq,250,225000,900,شقة للبيع – 250م مع روف 50م دوبلكس وترس 150م  ضاحية النخيل
ضاحية النخيل,opensooq,210,107500,512,شقة مميزة في ضاحية النخيل 210م داخلي و100م خارجي، موقع مميز في ضاحية النخيل
ضاحية النخيل,opensooq,150,90000,600,شقة فاخرة للبيع في ضاحية النخيل - خلف مطعم النخيل طابق ثاني 150م تشطيب سوبر ديلوكس بسعر مغري
ضاحية النخيل,opensooq,172,115000,669,شقة مميزة للبيع طابق ثاني مساحة 172 متر في ضاحية النخيل - من المالك مباشرة
ضاحية النخيل,opensooq,140,105000,750,شقة فاخره للبيع في ضاحية النخيل مسلحة 140 متر 3 نوم بأطلالة خلابة
ضاحية النخيل,opensooq,250,175000,700,شقة فاخرة للبيع في ضاحية النخيل  - خلف مطعم النخيل طابق ثاني 250م تشطيب سوبر ديلوكس لم تسكن
ضاحية النخيل,opensooq,175,165000,943,شقة فاخرة للبيع في ضاحية النخيل - خلف مطعم النخيل 175م مع ترسات 220م لم تسكن بسعر مغري
ضاحية النخيل,opensooq,190,160000,842,شقه طابق اول للبيع بضاحيه النخيل بالقرب من مطعم قصر النخيل مساحه 190 متر تشطيب سوبر ديلوكس بسعر مميز
ضاحية النخيل,opensooq,450,135000,300,شقة ارضيه فاخره واسعة ومميزة للبيع في خلدا – بسعر مغري -بمساحه اجماليه 450م
ضاحية النخيل,opensooq,106,79000,745,شقه فاخره للبيع في طريق المطار قريه النخيل مساحه 106 متر 2 نوم
ضاحية النخيل,opensooq,220,185000,841,شقة طابق ثاني 220م في ضاحية النخيل باطلالة رائعة
ضاحية النخيل,opensooq,185,125000,676,بالقرب من مطعم قرية النخيل شقة طابق أول 185م بتشطيبات راقية / ref 1231
ضاحية النخيل,opensooq,215,170000,791,في أرقى مناطق ضاحية النخيل شقة طابق أول 215م بتشطيبات راقية / ref 1157
ضاحية النخيل,opensooq,390,125000,321,بالقرب من بنك الاتحاد في اجمل مناطق ضاحية النخيل شقة شبه أرضي 390م بسعر مميز / ref 1132
ضاحية النخيل,opensooq,230,255000,1109,في أجمل مناطق ضاحية النخيل شقة ارضية 230م بتشطيبات مميزه / ref 1354
ضاحية النخيل,opensooq,240,170000,708,في أرقى مناطق ضاحية النخيل شقة طابق اول240م لم تسكن / ref 1357
طريق المطار,qoshan,170,130000,765,شقق 3 نوم بسعر ممتاز في طريق المطار
طريق المطار,qoshan,105,135000,1286,شقق مفروشة 105متر ضمن كمباوند في طريق المطار
طريق المطار,qoshan,230,245000,1065,أخير مع رووف 230م مفروش خلف المدارس العالمية
طريق المطار,qoshan,200,175000,875,شقة أرضية مميزة مع ترسات عى طريق المطار
طريق المطار,qoshan,173,105000,607,3 نوم بسعر ممتاز خلف المدارس العالمية
طريق المطار,qoshan,186,160000,860,186م طابق ثاني بتشطيبات مميزة على طريق المطار
طريق المطار,qoshan,325,110000,338,120م طريق المطار مقابل دير غبار في منطقة هادئة
طريق المطار,qoshan,200,145000,725,شقق أرضية في موقع مميز على طريق المطار
طريق المطار,qoshan,213,175000,822,أخير مع رووف 5 نوم في حي الصحابة
طريق المطار,qoshan,200,450000,2250,شقق بإطلالة خلابة على طريق المطار
طريق المطار,qoshan,150,119000,793,شقة مفروشة 150 م في طريق المطار
طريق المطار,qoshan,305,220000,721,أرضي دوبلكس مع حديقة كبيرة على طريق المطار
طريق المطار,qoshan,186,130000,699,شبه أرضي 186 متر مع حديقة كبيرة في حي الصحابة
طريق المطار,qoshan,150,100000,667,شقة 150م مفروشة على طريق المطار
طريق المطار,qoshan,175,110000,629,شقة طابق ثاني 175 متر في الحويطي بإطلالة مميزة
طريق المطار,qoshan,175,115000,657,شقق 173 متر 175 متر في حي الصحابة
طريق المطار,qoshan,230,165000,717,شقة 230م في منطقة هادئة على طريق المطار
طريق المطار,bayut,170,120000,706,"3 Bedrooms Apartment For Sale Airport Road, Amman"
طريق المطار,bayut,170,130000,765,"3 Bedroom Apartment For Sale Airport Road, Amman"
طريق المطار,bayut,211,139000,659,"3 Bedrooms Apartment For Sale Airport Road, Amman"
طريق المطار,bayut,140,77000,550,"3 Bedrooms Apartment For Sale Airport Road, Amman"
طريق المطار,bayut,200,122000,610,"3 Bedrooms Apartment For Sale Airport Road, Amman"
طريق المطار,bayut,107,58000,542,"2 Bedrooms Apartment For Sale Airport Road, Amman"
طريق المطار,bayut,211,139000,659,"3 Bedrooms Apartment For Sale Airport Road, Amman"
طريق المطار,bayut,350,169000,483,"3 Bedrooms Apartment For Sale in Airport Road, Amman"
طريق المطار,bayut,211,150000,711,3 Bedrooms Apartment For Sale Airport Road Amman
طريق المطار,bayut,125,62000,496,"3 Bedrooms Apartment For Sale Airport Road, Amman"
طريق المطار,bayut,130,69000,531,"3 Bedrooms Apartment For Sale Airport Road, Amman"
طريق المطار,bayut,170,130000,765,"3 Bedrooms Apartment For Sale Airport Road, Amman"
طريق المطار,bayut,210,240000,1143,"3 Bedrooms Apartment For Sale Airport Road, Amman"
طريق المطار,bayut,220,185000,841,3 Bedrooms Apartment For Sale Airport Road Amman
طريق المطار,bayut,200,138000,690,3 Bedrooms Apartment For Sale Airport Road Amman
طريق المطار,bayut,280,220000,786,Duplex last floor with roof for sale in Airport Road 280m
طريق المطار,bayut,240,325000,1354,Ground floor with garden for sale in Airport Road 240m
طريق المطار,bayut,197,185000,939,Apartment with garden for sale in Airport Road 197m
طريق المطار,bayut,235,175000,745,Ground floor with garden for sale in Airport Road 235m
طريق المطار,bayut,235,160000,681,1st apartment with terrace for sale in Airport Road 235m
طريق المطار,bayut,170,115000,676,Ground floor with terrace for sale in Airport Road 170m
طريق المطار,bayut,165,148000,897,Ground floor with terrace for sale in Airport Road 165m
طريق المطار,bayut,175,100000,571,1st floor apartment for sale in Airport Road 175m
طريق المطار,bayut,175,130000,743,Duplex last floor with roof for sale in Airport Road 210m
طريق المطار,bayut,170,125000,735,Ground floor with terrace for sale in Airport Road 170m
طريق المطار,bayut,175,130000,743,Duplex last floor with roof for sale in Airport Road 210m
طريق المطار,bayut,196,155000,791,Ground floor with garden 2023 for sale in Airport Road 196m
طريق المطار,bayut,160,115000,719,Ground floor with terrace 2023 for sale in Airport Road 160m
طريق المطار,bayut,200,158000,790,Apartment with garden and terrace 2023 for sale in Airport Road 200m
طريق المطار,bayut,180,158000,878,Duplex last floor with roof and terrace for sale in Airport Road 220m
طريق المطار,bayut,690,440000,638,Villa For Sale In Airport Road
طريق المطار,bayut,240,235000,979,Apartment with garden 2023 for sale in Airport Road 240m
طريق المطار,bayut,240,150000,625,1st floor apartment 2023 for sale in Airport Road 240m
طريق المطار,bayut,200,190000,950,Ground floor with garden 2023 for sale in Airport Road 200m
طريق المطار,bayut,200,190000,950,Ground floor with terrace 2023 for sale in Airport Road 200m
طريق المطار,bayut,143,115000,804,"Ground floor apartment for sale on Airport Street, with an area of 143m"
طريق المطار,bayut,400,300000,750,Apartment with garden for sale 2023 in Airport Road 400m
طريق المطار,bayut,250,220000,880,Apartments with terrace 2023 for sale in Airport Road 200m
طريق المطار,bayut,250,300000,1200,Apartment with garden (private garage) for sale in Airport Road 250m
طريق المطار,bayut,240,189000,788,Apartment with garden 2023 for sale in Airport Road 240m
طريق المطار,bayut,215,179000,833,Last floor with roof 2023 for sale in Airport road 250m
طريق المطار,bayut,206,205000,995,Ground floor with terrace apartment for sale in Airport Road 206m
طريق المطار,bayut,206,190000,922,1st floor apartment for sale in Airport Road 206m
طريق المطار,bayut,200,140000,700,1st floor apartment for sale in Airport 200m
طريق المطار,bayut,280,205000,732,Last floor with roof for for-sale in Airport Road building area of 280m
طريق المطار,bayut,195,150000,769,شقة للبيع في حجار النوابلسة
طريق المطار,bayut,195,150000,769,شقة للبيع في حجار النوابلسة
طريق المطار,bayut,180,170000,944,شقة طابق اخير مع روف دوبليكس للبيع في اجمل مناطق طريق المطار - مساحة 180 متر
طريق المطار,bayut,150,150000,1000,شقة طابق اخير مع روف دوبليكس للبيع في اجمل مناطق طريق المطار - مساحة 150 متر
طريق المطار,bayut,202,82000,406,Apartment For Sale In Airport Road
طريق المطار,bayut,220,175000,795,شقة طابق ارضي للبيع في اجمال مناطق طريق المطار - رجم عميش مساحة 220 متر
طريق المطار,bayut,260,190000,731,شقة طابق اخير مع روف للبيع في اجمال مناطق طريق المطار - رجم عميش مساحة 260 متر
طريق المطار,bayut,220,158000,718,شقة طابق اول للبيع في اجمال مناطق طريق المطار - رجم عميش مساحة 220 متر
طريق المطار,bayut,360,240000,667,شقة دوبلكس للبيع في طريق المطار جديدة لم تسكن مساحة البناء 360 م مساحة الحديقة 150 م
طريق المطار,bayut,206,275000,1335,شقة طابق ثالث دوبليكس مع روف مميزة للبيع في اجمل مناطق طريق المطار
طريق المطار,bayut,180,175000,972,شقة طابق ثالث مع روف مميزة للبيع في اجمل مناطق طريق المطار مساحة 180 متر
طريق المطار,bayut,165,110000,667,شقة طابق اول للبيع في اجمل مواقع طريق المطار مساحة الشقة 165 متر
طريق المطار,bayut,180,80000,444,Distinctive apartment for sale in Airport Road
طريق المطار,bayut,255,230000,902,Hanging ground floor apartment for sale near Airport Road
طريق المطار,bayut,235,210000,894,Distinctive first-floor apartment for sale in the most beautiful areas of the airport road
طريق المطار,bayut,210,135000,643,شقة للبيع في ضاحية الارز طابق اول يمين بمساحة 210 متر
طريق المطار,bayut,150,88000,587,شقه طابق اول للبيع في الاردن- عان - طريق المطار بمساحه 150 متر
طريق المطار,bayut,175,150000,857,شقه طابق ارضي للبيع في الاردن -عمان - طريق المطار بمساحه 175متر
طريق المطار,bayut,186,165000,887,شقه طابق ارضي للبيع في الاردن - عمان -طريق المطار  بمساحه 186م
طريق المطار,bayut,270,305000,1130,شقه شبه ارضي للبيع في الاردن - عمان -طريق المطار  بمساحه 270 م
طريق المطار,bayut,340,190000,559,شقة طابق ارضي للبيع في الاردن - عمان - طريق المطار بمساحة 340م
طريق المطار,bayut,340,200000,588,شقة طابق ارضي للبيع في الاردن - عمان - طريق المطار بمساحة 340م
طريق المطار,bayut,250,175000,700,شقة طابق ثاني للبيع في الاردن - عمان - طريق المطار بمساحة 250م
طريق المطار,bayut,340,185000,544,شقة طابق ارضي للبيع في الاردن - عمان - طريق المطار بمساحة 340م
طريق المطار,bayut,255,175000,686,شقه شبه ارضي للبيع في الاردن - عمان - طريق المطار بمساحه 255 م
طريق المطار,bayut,148,70000,473,شقة طابق ثاني للبيع في الاردن -عمان - طريق المطار بمساحه  148م
طريق المطار,bayut,150,100000,667,شقه شبه ارضي للبيع في الاردن - عمان -طريق المطار مساحه  150م
طريق المطار,bayut,206,230000,1117,شقة طابق ارضي للبيع في الاردن - عمان - طريق المطار بمساحة 206م
طريق المطار,bayut,185,188000,1016,شقه طابق ارضي للبيع في الاردن - عمان - طريق المطار بمساحه 185متر 
طريق المطار,bayut,190,135000,711,شقه طابق اول للبيع في الاردن - عمان - طريق المطار بمساحه 190م
طريق المطار,bayut,195,147000,754,شقه طابق ارضي معلق للبيع في الاردن - عمان - طريق المطار بمساحه 195م 
طريق المطار,bayut,180,130000,722,شقه طابق اول للبيع في الاردن -عمان - طريق المطار بمساحه 180متر 
طريق المطار,bayut,251,175000,697,شقه طابق ثالث مع روف للبيع في حي الصحابه | الرقم المرجعي:UID000223
طريق المطار,bayut,150,121000,807,شقة طابق أول للبيع على طريق المطار منطقة الظهير | الرقم المرجعي:UID000464
طريق المطار,bayut,200,170000,850,شقق للبيع على طريق المطار منطقة الظهير | الرقم المرجعي:UID000456
طريق المطار,bayut,155,120000,774,شقة طابق ثاني للبيع في اليادوده | الرقم المرجعي:UID000496
طريق المطار,bayut,204,165000,809,شقة طابق رابع مع روف للبيع في حي الصحابة | الرقم المرجعي:UID000581
طريق المطار,bayut,350,250000,714,شقة سوبر ديلوكس طابق ثالث و روف للبيع في طريق المطار | الرقم المرجعي:UID000630
طريق المطار,bayut,174,130000,747,طابق ثالث مساحه 174 متر للبيع في حي الصحابه | الرقم المرجعي:UID000625
طريق المطار,bayut,204,160000,784,شقه مع روف للبيع في حي الصحابه | الرقم المرجعي:UID000758
طريق المطار,bayut,210,140000,667,شقه في حي الصحابه | الرقم المرجعي:UID000774
طريق المطار,bayut,310,180000,581,طابق ثالث مع روف للبيع في البنيات | الرقم المرجعي:UID000815
طريق المطار,bayut,192,128000,667,شقة فاخرة للبيع في أجمل مناطق الظهير بتشطيبات عالية الجودة | الرقم المرجعي:UID000870
طريق المطار,bayut,270,248000,919,شقة فاخرة للبيع على طريق المطار، في أجمل مناطق حي الصحابة | الرقم المرجعي:UID000867
طريق المطار,bayut,180,136000,756,شقة فاخرة للبيع في أجمل مناطق البنيات بتشطيبات عالية الجودة، بالقرب من جامعة البتراء | الرقم المرجعي:UID000886
طريق المطار,bayut,200,200000,1000,شقة مع رووف فخم للبيع في أجمل منطاق طريق المطار | الرقم المرجعي:UID000902
طريق المطار,bayut,155,115000,742,شقق بتشطيبات حديثة وعصرية بأعلى المواصفات للبيع في أجمل مناطق الظهير | الرقم المرجعي:UID000899
طريق المطار,bayut,200,150000,750,شقة طابق أول فاخرة في أجمل مناطق ضاحية النخيل | الرقم المرجعي:UID000918
طريق المطار,bayut,240,190000,792,شقة أرضية فاخرة في أجمل مناطق ضاحية النخيل، طريق المطار مع تراس واسع | الرقم المرجعي:UID000917
طريق المطار,bayut,160,110000,688,شقة طابق ثالث فاخرة للبيع في أجمل مناطق الظهير | الرقم المرجعي:UID000971
طريق المطار,bayut,155,130000,839,شقق مذهلة بمساحات مختلفة للبيع على طريق المطار | الرقم المرجعي:UID000868
طريق المطار,bayut,163,92000,564,شقة طابق ثاني طريق المطار – حي الصحابة للبيع مساحة 163م  | الرقم المرجعي : 143
طريق المطار,bayut,215,88000,409,Apartment For Sale In Airport Road
طريق المطار,bayut,146,90000,616,Apartment for sale in Airport Road
طريق المطار,bayut,405,250000,617,"Apartment For Sale in Airport Road , Apartment Area 405m"
طريق المطار,bayut,200,210000,1050,Apartment for sale
طريق المطار,bayut,245,140000,571,Apartment for sale
طريق المطار,bayut,150,119000,793,Apartment for sale
طريق المطار,bayut,150,119000,793,Apartment for sale
طريق المطار,bayut,200,125000,625,شقة في ضاحية النخيل طريق المطار ٢٠٠م
طريق المطار,opensooq,217,210000,968,شقة بمواصفات قصر 217م مع حديقة وبركة خاصة - موقع استراتيجي على شارعين
طريق المطار,opensooq,215,195000,907,روف ملكي 215م مع ترس 70م وإطلالة خلابة - خلف المدارس العالمية
طريق المطار,opensooq,120,55000,458,شقه جديده طريق المطار ضاحية الأمير علي 55 ألف كاش فقط فقط منطقة فلل طابق قبل الأخير ثلاث نوم120متر
طريق المطار,opensooq,250,170000,680,مشروع شقق سكن احكام خاصة بطريق المطار الحويطي اجمل مشروع بالمنطقة 250 متر و 200 متر  4 نوم و 3 نوم
طريق المطار,opensooq,210,127000,605,شقة شبه أرضي فاخرة للبيع  مساحة 210م طريق المطار
طريق المطار,opensooq,210,149000,710,شقة أرضية فاخرة للبيع  210م مع ترس خارجي
طريق المطار,opensooq,234,250000,1068,شقة للبيع روف طابقي 4 بمساحة 234م2 وتراسات محيطة 216م2  في طريق المطار الحويطي خلف المدارس العالمية
طريق المطار,opensooq,210,139000,662,شقة فاخرة للبيع بإطلالة مفتوحة على طريق المطار  مساحة 210م
طريق المطار,opensooq,227,169000,744,شقه طابق اول تشطيب سوبر ديلوكس مساحه 227 متر طريق المطار بجانب المدارس العالميه
طريق المطار,opensooq,225,110000,489,شقة للبيع طريق المطار مقابل كلية لومينوس  225 م مع 80 م مساحة روف
طريق المطار,opensooq,195,130000,667,شقق فاخرة مساحة 195 متر في اجمل مناطق طريق المطار قرب كلية لومينوس تبعد عن شارع المطار دقيقة
طريق المطار,opensooq,272,280000,1029,شقة فاخرة جداً 272م مع حديقة 205م ومسبح - 4 غرف نوم
طريق المطار,opensooq,194,170000,876,شقة 194م طابق أول - إطلالة مميزة وتشطيبات ملكية - خلف المدارس العالمية
طريق المطار,opensooq,176,160000,909,شقة أرضية فاخرة 176م مع ترس 30م - مشروع 37 خلف المدارس العالمية
طريق المطار,opensooq,175,59000,337,شقه طابق اول 175 متر  طريق المطار  خلف منتزه غمدان
طريق المطار,opensooq,185,162000,876,شقة فاخرة للبيع في طريق المطار - خلف المدارس العالمية طابق ثالث 185م مع روف 150م تشطيب سوبر ديلوكس
طريق المطار,opensooq,179,112000,626,للبيع بسعر مغري (من المالك) ... شقة فاخرة (179 متر) في اجمل مناطق عمان، طابق ارضي مع تراس و كراج خاص
طريق المطار,opensooq,235,170000,723,شقة طابق ثالث مساحة 235م2 بمواصفات عالية بطريق المطار مقابل مدارس العالمية
طريق المطار,opensooq,210,135000,643,شقق فاخرة 190-210م  إطلالات دائمة  بلكونات واسعة  طريق المطار
طريق المطار,opensooq,140,85000,607,شقة ارضية مع حديقة واسعة مساحة الشقة 140 متر مربع ومساحة الحديقة 120 متر مربع
حي الصحابة,qoshan,200,150000,750,أخير مع رووف 200م في حي الصحابة
حي الصحابة,qoshan,266,180000,677,شقة طابقية 266م في حي الصحابة
حي الصحابة,opensooq,164,85000,518,شقة للبيع 164م مع حديقة 120م، 3 عرف نوم/1ماستر، في حي الصحابة، منطقة هادئة وحديثة.
حي الصحابة,opensooq,170,85000,500,شقق جديدة للبيع حي الصحابة مساحات 170م & 200م مع تراسات و حدائق تشطيبات سوبر ديلوكس اطلالة جميلة
حي الصحابة,opensooq,154,69000,448,عرض مميز - لقطة - من المالك مباشرة - مساحة 154م - طابق ثالث شقة سوبر ديلوكس / حي الصحابة
حي الصحابة,opensooq,155,120000,774,شقق جديدة للبيع حي الصحابة مساحات 155م تشطيبات ديكورات سوبر ديلوكس اطلالة جميلة بأسعار مميزة
حي الصحابة,opensooq,195,225000,1154,في أرقى مناطق حي الصحابه شقة ارضية 195م مفروشة بسعر مميز / ref 1143
حي الصحابة,opensooq,160,125000,781,شقه 160م  سكنية فاخرة في منطقة حي الصحابة بسعر ممتاز جدًا
حي الصحابة,opensooq,217,155000,714,شقة طابقية للبيع حي الصحابة مساحة 217 متر
حي الصحابة,opensooq,220,235000,1068,في موقع مميز في حي الصحابه شقة ارضية 220م مفروشة جزئي بسعر مغري / ref 1355
حي الصحابة,opensooq,220,145000,659,شقة مميزة تسوية 220م في أرقى مناطق حي الصحابه /ref 1356
الجبيهة,bayut,220,118000,536,"3 Bedrooms Apartment For Sale Al Jubaiha, Amman"
الجبيهة,bayut,200,105000,525,"4 Bedrooms Apartment For Sale Al Jubaiha, Amman"
الجبيهة,bayut,200,119000,595,"4 Bedrooms Apartment For Sale Al Jubaiha, Amman"
الجبيهة,bayut,170,82000,482,"3 Bedrooms Apartment For Sale Al Jubaiha, Amman"
الجبيهة,bayut,190,93000,489,"3 Bedrooms Apartment For Sale Al Jubaiha, Amman"
الجبيهة,bayut,180,93000,517,"3 Bedrooms Apartment For Sale Al Jubaiha, Amman"
الجبيهة,bayut,220,118000,536,"4 Bedrooms Apartment For Sale Al Jubaiha, Amman"
الجبيهة,bayut,170,82000,482,"3 Bedrooms Apartment For Sale Al Jubaiha, Amman"
الجبيهة,bayut,170,100000,588,"3 Bedrooms Apartment For Sale Al Jubaiha, Amman"
الجبيهة,bayut,180,100000,556,"3 Bedroom Apartment For Sale Al Jubaiha, Amman"
الجبيهة,bayut,170,89000,524,"3 Bedrooms Apartment For Sale Al Jubaiha, Amman"
الجبيهة,bayut,180,93000,517,"3 Bedrooms Apartment For Sale Al Jubaiha, Amman"
الجبيهة,bayut,170,99000,582,"3 Bedrooms Apartment For Sale Al Jubaiha, Amman"
الجبيهة,bayut,180,100000,556,"3 Bedrooms Apartment For Sale Al Jubaiha, Amman"
الجبيهة,bayut,180,93000,517,"3 Bedrooms Apartment For Sale Al Jubaiha, Amman"
الجبيهة,bayut,168,100000,595,"3 Bedrooms Apartment For Sale Al Jubaiha, Amman"
الجبيهة,bayut,180,100000,556,"3 Bedrooms Apartment For Sale Al Jubaiha, Amman"
الجبيهة,bayut,180,93000,517,"3 Bedrooms Apartment For Sale Al Jubaiha, Amman"
الجبيهة,bayut,180,93000,517,"3 Bedrooms Apartment For Sale Al Jubaiha, Amman"
الجبيهة,bayut,120,60000,500,Investment opportunity – Apartment For Sale In Jbaiha
الجبيهة,bayut,197,120000,609,Apartment For Sale In Jbaiha
الجبيهة,bayut,206,115000,558,Luxury Apartment For Sale In Jbaiha
الجبيهة,bayut,150,100000,667,شقة للبيع في الجبيهة طابق ارضي مساحة البناء 150 م مساحة الحديقة 50 م
الجبيهة,bayut,280,127000,454,شقة للبيع في الجبيهة طابق ارضي مساحة البناء 200 م مساحة الترس 50 م
الجبيهة,bayut,96,40000,417,شقة للبيع بسعر مغري قرب من دوار المنهل الجبيهة
الجبيهة,bayut,220,110000,500,"Second-floor apartment for sale in Al Jubaiha, building area 220 m2"
الجبيهة,bayut,220,110000,500,Second-floor apartment for sale in Al Jubaiha | 220 SQM
الجبيهة,bayut,125,80000,640,شقة أرضية في الجبيهة للبيع بمساحة 125م2
الجبيهة,bayut,167,69000,413,شقة طابق ثاني في الجبيهة للبيع | 167م2
الجبيهة,bayut,200,135000,675,"Semi-ground apartment for sale in Al Jubaiha, building area 200 SQM - terrace area 130 SQM"
الجبيهة,bayut,118,100000,847,Ground floor apartment for sale in Al Jubaiha | 118 SQM
الجبيهة,bayut,290,225000,776,Ground floor apartment with luxurious finishes for sale in Al Jubaiha
الجبيهة,bayut,186,95000,511,Ground floor apartment for sale in Al Jubaiha | 186 SQM
الجبيهة,bayut,175,140000,800,Distinctive ground floor apartment for sale in Al Jubaiha with space of 175 SQM
الجبيهة,bayut,185,105000,568,Semi ground furnished apartment for sale in Al Jubaiha | 185 SQM
الجبيهة,bayut,150,100000,667,Ground floor apartment for sale in Al Jubaiha| 150 SQM
الجبيهة,bayut,180,88000,489,Luxury settlement apartment for sale in Al Jubaiha | 180 SQM
الجبيهة,bayut,175,99000,566,شقة طابق ثاني في الجبيهة للبيع بـ مساحة 175 م2
الجبيهة,bayut,360,280000,778,شقه طابق ارضي شبه فيلا للبيع في الجبيهه | الرقم المرجعي:UID000184
الجبيهة,bayut,145,90000,621,شقه مفروشه ومطله للبيع في الجبيهه طابق ثاني | الرقم المرجعي:UID000204
الجبيهة,bayut,176,95000,540,شقه طابق ارضي معلق للبيع في الجبيهه | الرقم المرجعي:UID000258
الجبيهة,bayut,160,83000,519,شقق للبيع في الجبيهه | الرقم المرجعي:UID000379
الجبيهة,bayut,150,85000,567,شقق للبيع في الجبيهه | الرقم المرجعي:UID000437
الجبيهة,bayut,170,100000,588,شقة طابق ثاني للبيع في الجبيهه | الرقم المرجعي:UID000498
الجبيهة,bayut,155,137000,884,استديوهات استثماريه للبيع في الجبيهه | الرقم المرجعي:UID000642
الجبيهة,bayut,150,100000,667,شقه طابق ثالث مع روف بالقرب من مسبح تولين الجبيهه | الرقم المرجعي:UID000776
الجبيهة,bayut,110,115000,1045,فرصة استثمارية استديو عدد 2 للبيع بالقرب من البوابة الشمالية للجامعه الاردنية | الرقم المرجعي:UID000412
الجبيهة,bayut,180,93000,517,شقة طابق ثالث للبيع في الجبيهة للبيع مساحة 180متر مربع
الجبيهة,bayut,240,130000,542,شقة طابق ثاني في ام الزويتينة مساحة 240متر مربع
الجبيهة,bayut,250,70000,280,شقة أرضية في ام زويتينة للبيع مساحة 164م  | الرقم المرجعي : 147
الجبيهة,bayut,150,110000,733,شقة طابق ثالث في الجبيهة للبيع مساحة 150م  | الرقم المرجعي : 135
الجبيهة,bayut,195,150000,769,شقة أرضية في الجبيهة للبيع مساحة 195م  | الرقم المرجعي : 130
الجبيهة,bayut,125,70000,560,شقة طابق أول في الجبيهة للبيع   | الرقم المرجعي : 101
الجبيهة,bayut,171,100000,585,Furnished second-floor apartment for sale in Al Jubaiha
الجبيهة,bayut,172,98000,570,"شقة ارضية مميزة للبيع في الجبيهة , مساحة البناء 172 م2 - مساحة الترس 40 م2"
الجبيهة,bayut,147,75000,510,Apartment for Sale in Jbaiha
الجبيهة,bayut,285,150000,526,Duplex Apartment for sale in al jubaiha
الجبيهة,bayut,190,125000,658,Apartment for sale in Jubaiha
الجبيهة,bayut,154,70000,455,Apartment For Sale In Al jubaiha
الجبيهة,bayut,164,92000,561,Apartment for sale in Al jubaiha
الجبيهة,bayut,180,95000,528,أرض للبيع في أجمل مناطق السرو طريق السلط المساحة 1105م ذات موقع مميز وبالقرب من الخدمات واجة 27متر نوع السكن خاص
الجبيهة,bayut,250,130000,520,فيلا شبه قصر للبيع في أجمل مناطق السلط بمساحة الأرض2000م البناء970م
الجبيهة,bayut,411,370000,900,أرض للبيع في أجمل مناطق الرونق بمساحة ٩٦٩م سكن ب عادي تصلح لبناء اسكان على شارعين . قرب الخدمات بسعر ٧٠٠د/للمتر
الجبيهة,bayut,150,90000,600,أرض للبيع في منطقة الشميساني المساحة ١٠٦٤م واجهة على الشارع ٣٣م سكن ا عادي تصلح لبناء اسكان .بالقرب من الخدمات
الجبيهة,bayut,78,60000,769,شقة مفروشة للبيع في منطقة الجبيهة بمساحة 78م
الجبيهة,bayut,191,90000,471,أرض للبيع في السلط المساحة ١٥٤٢م على ثلاث شوارع ذات موقع مميز و مرتفع بسعر ١١٥ ألف كامل القطعة
الجبيهة,bayut,182,113000,621,أرض تجارية للبيع في منطقة الزرقاء (جرينا) بمساحة، (1147م) .
الجبيهة,bayut,132,57000,432,أرض للبيع في الرونق تصلح لبناء اسكان المساحة ١٤٨٦م سكن ا عادي موقع مميز واصل جميع الخدمات .بسعر ٥٠٠د/للمتر
الجبيهة,bayut,180,125000,694,أرض للبيع في منطقة السرو الجنوبي المساحة 4دونم
الجبيهة,bayut,170,90000,529,Apartment for sale
الجبيهة,bayut,142,65000,458,Apartment for sale
الجبيهة,bayut,208,125000,601,شقة هايبرديلوكس شبه ارضيه 208 م مع ترس مكشوف. . مطلة مع مدخل خاص وكراج مستقل من المالك مباشرة
الجبيهة,bayut,211,130000,616,شقة هايبرديلوكس شبه ارضيه  211 م مع ترس مكشوف. . مطلة مع مدخل خاص وكراج مستقل من المالك مباشرة
الجبيهة,bayut,208,110000,529,شقة هايبرديلوكس شبه ارضيه  208 م  مطلة مع مدخل خاص وكراج مستقل من المالك مباشرة
الجبيهة,bayut,200,55000,275,شقق بأسعار مغرية تبدأ من 55 ألف من مالك الإسكان الفعلي
الجبيهة,bayut,139,55000,396,شقق جديدة لم تسكن بأسعار تبدأ من 55 ألف في منطقة جميلة ومرتفعه  من المالك مباشرة
الجبيهة,bayut,121,55000,455,شقق في منطقة مرتفعة ذات إطلالة وبأسعار مغرية تبدأ من 55 ألف من المالك مباشرة
الجبيهة,bayut,186,55000,296,شقة في منطقة مرتفعه من عمان وبسعر مميز من المالك مباشرة
الجبيهة,bayut,130,55000,423,شقة 130 متر قريبة على الخدمات وبسعر مغري من المالك مباشرة
الجبيهة,bayut,200,55000,275,شقة ذات تشطيبات رائعة من المالك الفعلي للإسكان
الجبيهة,bayut,121,55000,455,شقة ذات إطلالة رائعه وبسعر مغري من المالك مباشرة
الجبيهة,bayut,121,55000,455,اغتنم الفرصة و امتلك شقة بسعر يبدا من 55 الف من المالك
الجبيهة,bayut,200,98000,490,شقتين للبيع
الجبيهة,bayut,166,95000,572,شقة للبيع
الجبيهة,bayut,200,105000,525,شقة 200م مع روف 150م بسعر لقطة بالجبيهه للبيع
الجبيهة,bayut,127,75000,591,شقة مميزة 127م طابق أول في منطقة الجبيهة بالقرب من الجامعة الأردنية
الجبيهة,bayut,122,75000,615,شقة 122م مع حديقة 66م في الجبيهة على شارع الأردن
الجبيهة,bayut,160,92000,575,شقة في منطقة الجبيهة 160م طابق اول مميزة كبيرة جدا مع غرفة خادمة
الجبيهة,bayut,120,78000,650,شقة شبه ارضية مع حديقة 56م في منطقة الجبيهة للبيع
الجبيهة,bayut,120,71500,596,شقة 120م في الجبيهة طابق أول 3 غرف نوم واحدة ماستر تشطيبات سوبر ديلوكس
الجبيهة,bayut,99,60500,611,شقة صغيرة إستثمارية 99م مميزة بالقرب من جامعة العلوم التطبيقية
الجبيهة,bayut,134,84500,631,شقة مميزة ارضية مع تراس 14 م في الجبيهة
الجبيهة,bayut,160,88000,550,شقة  للبيع
الجبيهة,opensooq,180,94000,522,شقة طابق اول 180 متر بالجبيهة مع  وجود صالة رياضية (Gym)  خاصة بمالكي الشقق
الجبيهة,opensooq,174,95000,546,!شقة ارضية مدخل خاص بمساحة 174متر الجبيهة  ام زويتينه بالقرب من أكاديمية ليمار
الجبيهة,opensooq,202,95000,470,شقة شبه أرضي مطلة بمساحة 202   م2 / 4 نوم مع ترس ومدخل خاص بالجبيهة ام زويتينة
الجبيهة,opensooq,177,88000,497,شقة شبه ارضي مطلة مساحة 177 م2 مع ترس ومدخل خاص بالقرب من مدارس أكاديمية ليفانت
الجبيهة,opensooq,180,87000,483,تملك شقة الاحلام في الجبيهة مساحة 180م تشطيبات سوبر ديلوكس
الجبيهة,opensooq,185,105000,568,بسعر 105 الاف !!! شقة طابق اول مساحة 185 م2 بالجبيهة ام زويتينة بالقرب من مدارس ليفانت
الجبيهة,opensooq,165,97000,588,شقة طابق اول الجبيهة مساحة 165 متر ام زويتينة بالقرب من أكاديمية ليمار
الجبيهة,opensooq,190,130000,684,شقة ارضية للبيع في الجبيهة حي المنصور بمساحة 190م2 وترس30م2 بكهرباء مجانية وتدفئة مركزية
الجبيهة,opensooq,140,58000,414,شقة ارضية  ذات المنطقة الهادئة بمساحة 140م مع ترس30م في ارقى مناطق جبيهه قرب قصر الاميره بسمه
الجبيهة,opensooq,210,115000,548,شقة طابق ثاني(4 غرف نوم) بمساحة 210 م2 بالجبيهة ام زويتينة بالقرب من اكاديمية ليفانت
الجبيهة,opensooq,150,65000,433,شقه للبيع ضاحيه الرشيد 150 متر طابق 2-***وشقه ارضيه نفس العماره 150 متر وترس 50 متر
الجبيهة,opensooq,131,68000,519,في الجبيهة 131م وتراس جانبي
الجبيهة,opensooq,160,95000,594,الجبيهة 160م وتراس امامي وحديقة 120م وكراج خاص
الجبيهة,opensooq,140,55000,393,شقه مميزة بسعر حرق الجبيهه 140 متر طابق ثلاث
الجبيهة,opensooq,165,84000,509,الجبيهة_حي المنصور موقع مميز جدا #طابق اول #مساحة الشقة الداخلية 165 م اقساط من المالك
الجبيهة,opensooq,130,61000,469,شقه للبيع على العرض كاش و اقساط طابق الثالث130 م  في الجبيهة - حي المنصور السعر 61الف  على العرض
الجبيهة,opensooq,145,79000,545,"شقه للبيع ارضية 145 متر داخلي 100 متر ترس خارجي في الجبيهة - حي المنصور بسعر مميز جدا 79,000"
الجبيهة,opensooq,150,68000,453,شقة سوبر ديلوكس 150م طابق شبه ارضي مع ترس 120م مميزة في الجبيهةقرب قصر الاميرة بسمة مدخل مستقل..
الجبيهة,opensooq,150,75000,500,في الجبيهة 150م بسعر مغري
الجبيهة,opensooq,183,95000,519,في الجبيهة 183م مع بلكونه واسعه
الجبيهة,opensooq,121,50000,413,شقة 121 متر للبيع من المالك مباشرا
الجبيهة,opensooq,150,77000,513,شقة للبيع طابق ثالث مع رووف الجبيهة أم زويتينة موقع مميز ومخدوم مساحة الشقة 150م والرووف 50م وترس 80
الجبيهة,opensooq,165,85000,515,شقة للبيع سوبر ديلوكس مساحة 165 م2 في الجبيهة حي ابو العوف - خلف ديوان ال صمادي
الجبيهة,opensooq,175,110000,629,شقة أرضية 175 م الجبيهة مع كراج خاص وترسات 100 م بسعر 110 آلاف
الجبيهة,opensooq,175,110000,629,شقة 175م بالجبيهة  3 غرف + ترس واسع + برندة ماستر + غرفة غسيل  دفعة 30 ألف وتقسيط 10 سنوات
الجبيهة,opensooq,90,50000,556,شقه للبيع 90 متر الجبيهه ضاحية الرشيد
الجبيهة,opensooq,185,85000,459,شقة للبيع 185 متر مربع - الجبيهة - شارع الأردن - حي الجامعة - دوار إقرأ
الجبيهة,opensooq,90,39000,433,شقه للبيع بالجبيهه قرب إشارة المنهل طابق  ثاني مساحة 90 متر
الجبيهة,opensooq,207,100000,483,شقه طابقية 207 متر للبيع في احلى مناطق عمان ( حي المنصور )
الجبيهة,opensooq,244,155000,635,شقة ارضية 3 غرف نوم 1 ماستر و صالون و معيشه و مطبخ مساحة 244 متر و ترس أمامي و برنده خلفية من المالك
الجبيهة,opensooq,185,90000,486,شقة ارضية 185 متر في الجبيهة ام زويتنية
الجبيهة,opensooq,145,72000,497,شقه طابق أرضي للبيع الجبيهه قرب مدارس الابداع مساحة داخلي 145 متر وترسات خارجيه 150متر
الجبيهة,opensooq,160,70000,438,شقة للبيع  160 متر في حي المنصور
الجبيهة,opensooq,160,55000,344,شقه في جبيهه عند اشاره المنهل مساحه 160 م للبيع
الجبيهة,opensooq,400,185000,462,شقه طابق أخير مع روف نظام امريكي بمساحة فعلية 400 متر وعلى الكوشان 235 متر
الجبيهة,opensooq,190,85000,447,شقه للبيع 190م مع ترس 140 متر
الجبيهة,opensooq,185,95000,514,شقة طابق ثاني او اول سوبر ديلوكس للبيع من المالك مباشرة مساحة 185م
الجبيهة,opensooq,129,57000,442,شقة مميزة طابق ارضي للبيع بالجبيهة مساحتها 129م مربع تشطيب سوبر ديلوكس
الجبيهة,opensooq,150,69000,460,شقه للبيع 150 متر حي الزويتينه
الجبيهة,opensooq,153,47000,307,شقة إستثماريه وسكنية مقابل الجامعه الاردنيه وخلف بيرجر كنج مساحه 153متر  للبيع
الجبيهة,opensooq,180,80000,444,شقة للبيع - 180م- الجبيهة
شفا بدران,bayut,171,85000,497,3 Bedrooms Apartment For Sale Shafa Badran Amman
شفا بدران,bayut,150,128000,853,"3 Bedrooms Apartment For Sale Shafa Badran, Amman"
شفا بدران,bayut,186,75000,403,شقة للبيع في شفا بدران طابق ثالث مساحة البناء 186 م
شفا بدران,bayut,175,105000,600,شقة للبيع في شفا بدران طابق ارضي مساحة البناء 175 م
شفا بدران,bayut,175,86000,491,شقق فاخرة للبيع في أجمل مناطق عمّان، شفا بدران بتشطيبات عالية الجودة | الرقم المرجعي:UID000989
شفا بدران,bayut,175,86000,491,شقة طابق ثالث فخمة للبيع في أجمل مناطق عمّان، شفا بدران | الرقم المرجعي:UID000988
شفا بدران,bayut,175,86000,491,شقة طابق ثاني مميزة جداً للبيع في أجمل مناطق عمّان، شفا بدران | الرقم المرجعي:UID000987
شفا بدران,bayut,175,105000,600,شقة أرضية فاخرة جداً للبيع في أجمل مناطق شفا بدران مع تراس مميز | الرقم المرجعي:UID000986
شفا بدران,bayut,144,74000,514,شقة أرضية في شفا بدران للبيع  | الرقم المرجعي : 105
شفا بدران,bayut,112,55000,491,"Apartment for sale, opposite the applied university, area of ​​112 SQM"
شفا بدران,bayut,173,85000,491,Apartment For Sale In Shafa Badran
شفا بدران,bayut,150,67000,447,"Apartment for sale in Shafa Badran Area , Building Area 150 m"
شفا بدران,bayut,149,115000,772,"Furnished apartment for sale in the most beautiful areas of Shafa Badran , building area 149 m"
شفا بدران,bayut,520,275000,529,"Distinctive residential building for sale in the most beautiful areas of Shafa Badran , building area 520 m - land area 283 m"
شفا بدران,bayut,143,70000,490,Apartments Several Floors for Sale in Shafa Badran different areas with special prices
شفا بدران,bayut,130,70000,538,"Apartment For Sale in Shafa-Badran , Apartment Area 130 m"
شفا بدران,bayut,190,75000,395,"distinctive apartments for sale in the most beautiful areas of Amman - Shafa Badran - Al Koum area 190 m , 195 m"
شفا بدران,bayut,186,85000,457,Fourth floor apartment for sale in Dahiet Al-Rasheed Area 186 m
شفا بدران,bayut,150,64000,427,شقة ارضية  مع حديقة  للبيع
شفا بدران,bayut,170,75000,441,شقق كبيرة على شارع الاردن بالقرب من اكاديمية ريتال
شفا بدران,bayut,170,65000,382,شقق فاخرة باسعار منافسة نقدا او بالتقسيط
شفا بدران,bayut,150,67000,447,Apartment for sale
شفا بدران,bayut,125,85000,680,Apartment for sale
شفا بدران,bayut,164,70000,427,Apartment for sale
شفا بدران,bayut,150,70000,467,شفا بدران
شفا بدران,bayut,115,56000,487,شقة رائعه مقابل العلوم التطبيقية بسعر 56 ألف مع مطبخ بلوط هدية من المالك مباشرة
شفا بدران,bayut,115,56000,487,شقق مقابل جامعة العلوم التطبيقية للبيع بأسعار مغرية تبدأ من 56 ألف من المالك مباشرة
شفا بدران,bayut,97,43000,443,لحق حالق بآخر شقة بالمشروع بسعر 43 ألف وبالأقساط على 5 سنين من المالك مباشرة
شفا بدران,bayut,97,43000,443,ادفع 22 ألف وقسط الباقي على 5 سنوات بدون بنوك وبنفس سعر الكاش من المالك مباشرة
شفا بدران,bayut,90,45000,500,شفا بدران بجانب الكليه البحريه
شفا بدران,bayut,150,95000,633,شقه ارضيه لم تسكن للبيع او الايجار السنوي
شفا بدران,bayut,123,55000,447,عمان. شفا بدران. بالقرب من جامعة العلوم التطبيقية. طاب كراع
شفا بدران,bayut,143,55000,385,شقة جديدة للبيع بشفا بدران الكوم بسعر مميز
شفا بدران,bayut,144,57000,396,Apartment for sale
شفا بدران,bayut,150,74000,493,شفا بدران الكوم
شفا بدران,bayut,553,550000,995,فيلا مستقلة للبيع في شفا بدران مساحة البناء 553 م مساحة الارض 501 م مساحة الترس 70 م
شفا بدران,bayut,170,76000,447,Apartment for sale
شفا بدران,bayut,183,82000,448,شقة للبيع
شفا بدران,bayut,90,38000,422,Apartment for sale
شفا بدران,bayut,120,50000,417,Apartment for sale
شفا بدران,opensooq,195,92000,472,روف بمساحة 195 متر بسعر مغري جدا
شفا بدران,opensooq,160,82000,512,شقة للبيع شبه أرضي على مستوى الشارع 160م مع ترسات 100م بارقى أحياء شفا بدران باعلى مواصفات و تشطيبات
شفا بدران,opensooq,200,88000,440,شقة طابق اول بمشروع الواحة  مساحة 200م في شفا بدران الكوم بالقرب من قوات الدرك شارع حسين الخصاونة
شفا بدران,opensooq,175,104000,594,شقة ارضية مميزة 175م مع تراس 200م مع كراج ومدخل للبيع في شفا بدران
شفا بدران,opensooq,180,88000,489,شقة 180 متر للبيع في شفا بدران خلف جامعة العلوم التطبيقية
شفا بدران,opensooq,170,79000,465,تقسيط مباشر، 170م، طابق ثاني، شفا بدران قرب الجامعة التطبيقية، صرف صحي.
شفا بدران,opensooq,210,98000,467,شقة مساحة 210م/ طابق ثاني/ اربع غرف نوم/ اربع حمامات/ تأسيس تدفئة غاز/ على شارعين/ شفا بدران
شفا بدران,opensooq,230,115000,500,شقة اخير مع روف، مساحة 230م، 5 غرف نوم، ترس واسع، تأسيس تدفئة غاز، مرج الفرس، شفا بدران.
شفا بدران,opensooq,158,59000,373,شقة مساحة 158 متر في شفا بدران بسعر مغري جدا جدا و لفترة محدودة
شفا بدران,opensooq,140,69000,493,شقة ارضية خلفيه دفعه وباقي اقساط للبيع 140م باجمل و ارقى احياء شفا بدران بجانب مسجد الحوتري بدون ترس
شفا بدران,opensooq,225,82000,364,شبه ارضي واسع ومشمس وترسات 225 متر بتشطيبات سوبر ديلوكس
شفا بدران,opensooq,160,77000,481,شقة للبيع طابق اول بمساحة 160م بسعر مميز بارقى احياء شفا بدران قرب جامعة العلوم التطبقية سوبر ديلوكس
شفا بدران,opensooq,206,95000,461,شقة طابق ثالث مع روف دفعة و الباقي اقساط 206م و ترس 30م بارقى احياء شقا بدران منطقة الكوم       .
شفا بدران,opensooq,154,70000,455,شقة للبيع شبه ارضي مع مدخل مستقل على الشارع بمساحة 154م بارقى مناطق شفا بدران بالقرب من جامعة العلوم
شفا بدران,opensooq,180,84000,467,آخر شقة في البناية  شقة ارضي فاخرة  180 م + موقف خاص للبيع / شفا بدران قرب جامعة العلوم التطبيقية
شفا بدران,opensooq,180,101000,561,شقة طابق اول للبيع مساحة 180م في ارقى مناطق شفا بدران ام حجير جانب دوار التطبيقية
شفا بدران,opensooq,170,97000,571,شفا بدران شقق فخمة للبيع مساحة 170م2 في أرقى مناطق شفا بدران ام حجير
شفا بدران,opensooq,180,105000,583,شقة  للبيع في شفا بدران ام حجير طابق اول و طابق ارضي المساحة 180 متر
شفا بدران,opensooq,154,93000,604,شقة مميزة للبيع قي شفا بدران بتشطيبات مميزة وبسعر مميزه مساحة 154م
شفا بدران,opensooq,185,112000,605,شقة للبيع في شفا بدران شبه ارضي 185م و 120م ترس خارجي
شفا بدران,opensooq,160,72000,450,شقه 160 متر شفابدران للبيع من مالك مباشره بسعر مغري جدا
شفا بدران,opensooq,160,88000,550,شقة للبيع شقة ارضي بمساحة 160مع مدخل خاص و ترس بمساحة 70م بشفا بدران قرب جامعة العلوم سوبر ديلوكس  .
شفا بدران,opensooq,250,120000,480,شقة طابق ثالث مع روف مساحة 250 متر شفابدران
شفا بدران,opensooq,150,62000,413,من المالك شقة 150 م
شفا بدران,opensooq,165,76000,461,شقة أرضي معلق للبيع بمساحة 165م باعلى المواصفات و التشطيبات بأرقى أحياء شفا بدران(طاب كراع)بافضل سعر
شفا بدران,opensooq,183,110000,601,شقة شبه ارضي للبيع مساحة 183م تراس 100م في ارقى احياء شفا بدران ذات طابع عصري باعلى التشطيبات معاير.
شفا بدران,opensooq,160,80000,500,شقة 160 متر مع روف 120 متر للبيع
شفا بدران,opensooq,200,75000,375,شقة شبة ارضية مساحة داخلية 185م2 وخارجي تراسات وكراج خاص اكثر 200م
شفا بدران,opensooq,220,149000,677,فرصة للسكن لا تتكرر ،شقة 220 م مع ترس 150 شفا بدران  بالقرب من مديرية الدرك .على شارعين، اطلالة
شفا بدران,opensooq,185,75000,405,شقه مميزه للبيع شفابدران الكوم 185م طابق اول تشطيب فاخر بلكونه عدد 2 اطلاله موقع مميز
شفا بدران,opensooq,145,59000,407,شقة طابق ثالث بشفا بدران بمساحة 145 م – من  Margarita Real Estate بمواصفات عصرية و حديثة بأعلى مناطق
شفا بدران,opensooq,142,64000,451,شقة طابق ثالث بشفا بدران بمساحة 142 م  – من  Margarita Real Estate      قرب جامعة العلوم التطبيقية .
شفا بدران,opensooq,165,90000,545,شقة ديلوكس طابق اول مساحة 165 متر مربع
شفا بدران,opensooq,150,128000,853,شقة مميزة للبيع في شفا بدران وبسعر مميزه مساحة 150 م مع مدخل خاص والساحه الخارجية بمساحة 325 م
شفا بدران,opensooq,170,107000,629,شقه شبه ارضي تراس 170 متر كراج خاص مستقل
شفا بدران,opensooq,171,82000,480,شقة فارغه للبيع شفا بدران حي ام زويتينه 171 متر
شفا بدران,opensooq,180,88000,489,شقة طابق ثالث مساحة 180 متر في اجمل مناطق شفابدران حي الكوم
شفا بدران,opensooq,150,65000,433,شقة طابق 3 مساحة 150 م غربية في شفا بدران - الكوم الغربي عمر البناء 7 سنوات
شفا بدران,opensooq,170,127000,747,شقة أرضية 170م مع حدائق وتراس 60م شفا بدران / الرقم المرجعي 14368
شفا بدران,opensooq,205,50000,244,شقة تسوية 205م للبيع في شفا بدران – مدخل مستقل وسعر مميز
